LOC, ACAP, AEXP, ARCH, CPLX, DATA, DOCU, FLEX, LTEX, PCAP, PCON, PLEX, PMAT, PREC, PVOL, RELY, RUSE, SCED, SITE, STOR, TEAM, TIME, TOOL, RISK-, EFFORT-
947,1,1,4,3,5,2,4,2,5,2,4,5,3,3,2,5,3,2,3,5,4,2,6,20370
1203,3,2,1,3,3,4,4,4,2,2,4,5,4,4,2,3,4,4,4,2,6,4,3,22872
1929,2,1,5,4,2,1,4,1,5,2,3,4,1,3,3,5,2,3,5,6,4,4,8,54430
1033,5,5,4,6,4,4,4,3,2,4,3,3,2,4,2,6,3,4,4,3,5,3,5,33255
1684,2,2,4,6,4,3,1,2,4,3,4,1,3,3,3,4,1,2,4,5,6,3,20,160677
1169,4,5,3,3,3,2,2,4,2,2,2,5,3,3,1,4,4,3,5,2,6,4,3,23671
559,2,2,5,3,4,4,3,4,2,2,2,1,1,5,1,5,3,2,6,4,6,4,11,28617
668,3,2,1,3,3,2,3,3,4,2,3,5,1,2,2,6,3,1,6,2,4,2,4,45050
903,4,4,4,4,5,1,6,4,5,1,3,4,3,3,4,2,2,4,4,1,6,2,3,14053
1088,4,4,2,3,3,1,6,4,5,4,5,4,3,4,2,6,2,3,4,2,4,4,0,5914
278,2,4,5,3,2,4,5,2,1,2,5,2,5,3,2,6,3,5,5,1,5,2,11,7696
1871,3,5,6,5,4,4,3,3,1,2,3,5,5,2,1,5,2,3,5,5,4,3,10,27635
1339,3,3,5,5,4,4,2,4,4,2,4,2,1,3,2,3,4,3,3,6,5,4,0,16332
259,3,1,4,6,5,2,5,4,4,4,5,2,3,3,2,4,2,2,3,5,4,3,6,3989
500,1,1,5,2,5,2,6,3,4,3,3,5,4,2,1,4,2,4,5,4,4,5,7,3677
974,2,2,4,1,4,2,3,4,3,3,2,1,5,3,2,5,3,4,4,3,5,3,2,29539
859,5,4,5,4,2,3,4,3,4,4,5,3,4,4,1,5,1,4,5,5,5,2,4,4992
581,3,3,2,3,5,3,2,4,3,3,4,4,1,4,4,6,2,2,5,5,6,5,4,33906
1707,5,3,4,5,4,3,2,1,3,4,1,3,6,4,4,4,2,2,4,1,3,1,11,132870
1349,2,1,3,3,4,4,6,2,3,2,4,3,5,2,5,4,4,5,3,5,5,2,5,23306
1155,2,4,5,3,4,3,3,4,3,3,3,5,4,5,2,5,2,3,6,5,4,1,6,44199
499,3,3,2,3,3,5,5,4,2,1,1,4,4,3,3,3,3,2,4,5,6,4,4,15375
809,1,1,6,3,4,2,2,4,4,4,4,6,5,3,1,5,2,1,5,3,5,3,10,19831
1293,5,3,4,4,3,1,3,4,4,2,3,5,2,4,4,3,2,2,5,3,4,2,0,22655
200,3,4,6,4,2,2,3,1,3,2,2,6,6,4,3,2,2,2,6,4,6,4,9,3699
660,5,2,2,4,2,5,5,5,4,2,2,5,4,2,3,5,3,2,5,6,4,3,0,9925
720,1,1,5,2,2,2,1,2,3,2,4,5,3,3,3,3,4,2,5,2,5,2,6,27389
1030,2,2,6,2,5,4,6,1,1,3,4,4,2,3,2,5,3,1,4,3,4,2,11,38550
623,4,3,2,2,3,4,5,1,4,5,4,3,5,3,4,2,2,3,4,6,6,3,2,8533
639,4,3,5,2,3,3,2,4,2,1,5,1,2,4,3,5,2,1,4,2,4,1,7,26555
392,5,4,5,5,3,2,3,5,3,4,1,1,1,2,5,5,4,4,6,5,6,3,6,10414
779,3,3,2,2,4,2,4,3,4,2,3,3,4,4,1,4,3,2,5,3,5,4,0,9958
1567,4,2,5,2,3,3,5,1,4,4,1,2,1,5,3,6,3,3,3,5,4,3,8,29972
277,2,5,3,6,5,4,3,2,3,1,4,5,3,3,4,3,1,4,4,4,3,3,12,9181
618,4,4,2,3,3,2,2,3,1,2,3,3,5,3,2,3,4,3,4,1,6,1,9,17621
1231,3,3,3,3,3,1,6,3,5,4,3,3,4,4,4,4,4,3,4,2,4,5,0,5574
1674,1,3,4,3,5,5,2,1,2,4,2,5,5,3,2,6,3,1,5,3,3,3,11,192847
1341,3,4,4,3,4,3,6,5,4,5,5,3,6,2,2,6,2,2,4,2,6,3,2,9105
159,4,2,5,3,4,4,2,2,1,4,2,4,5,3,1,5,5,2,5,3,4,2,8,4024
598,4,2,2,2,5,3,2,1,5,3,3,2,4,4,3,3,5,3,3,5,4,4,0,8340
1122,4,4,3,3,4,4,5,3,3,4,2,4,2,3,3,5,3,1,6,3,6,2,3,52649
1779,5,4,5,4,4,2,5,4,2,1,1,2,4,4,5,2,3,2,5,1,4,1,10,94474
885,5,2,5,3,4,4,4,5,4,1,2,3,3,3,2,2,4,4,5,2,4,3,0,9488
813,5,1,5,3,3,1,3,5,4,3,5,3,2,2,4,3,1,4,5,6,5,3,6,4883
1129,3,2,5,2,5,2,2,1,1,1,2,4,3,2,5,2,1,1,4,4,3,1,25,86806
1735,3,4,2,4,2,5,1,2,2,2,4,5,2,5,1,6,5,3,4,5,3,3,3,40431
1062,1,3,5,2,5,4,4,2,2,4,2,5,6,4,5,6,5,3,6,6,4,1,19,34467
1920,3,2,6,4,4,3,2,5,1,1,3,5,1,4,2,2,4,2,5,4,3,3,4,43593
1394,3,1,2,2,3,4,2,3,5,3,2,3,5,3,4,3,2,1,4,4,4,3,2,48716
391,3,2,6,5,4,1,2,2,5,2,3,3,3,4,5,6,4,4,5,4,3,2,6,10362
1418,4,1,5,5,3,5,1,3,3,3,2,2,3,5,2,2,2,3,4,4,6,5,8,45029
1995,3,3,5,5,4,4,3,3,2,4,3,5,1,3,2,2,3,2,6,3,6,4,8,66751
1846,4,1,3,3,2,4,6,3,1,5,3,4,1,3,3,5,1,4,5,1,5,3,22,68529
1068,5,4,4,6,4,5,1,3,4,3,2,5,3,4,4,4,4,2,4,5,4,2,1,36402
277,2,4,6,4,2,3,1,3,3,3,4,1,3,3,4,5,4,3,6,6,5,3,7,7215
1997,3,4,4,3,5,3,2,5,5,1,5,4,3,3,3,5,2,3,3,2,3,5,0,22610
720,3,4,1,4,2,3,5,5,5,3,2,2,3,2,3,4,1,4,4,3,4,2,6,14003
1118,5,5,5,2,2,3,3,3,3,3,1,5,4,5,4,2,5,4,6,3,4,3,2,7309
1878,3,4,4,2,4,4,3,1,2,3,2,3,5,3,2,6,2,2,6,3,4,2,11,99179
730,1,3,6,2,2,4,3,3,3,2,5,5,6,4,4,3,3,3,5,2,5,1,9,13752
1380,2,4,5,3,2,2,2,3,4,3,3,2,4,3,4,2,4,4,5,4,6,4,4,16763
1486,4,4,3,5,3,2,3,4,3,4,3,5,2,3,2,5,3,5,6,3,3,4,0,9423
1950,3,3,5,5,2,2,4,5,2,2,4,5,4,5,4,2,5,3,6,2,6,5,8,22265
853,4,2,1,2,2,1,5,2,3,2,2,5,5,5,3,2,4,3,5,5,3,3,0,4839
1415,2,2,5,3,3,2,6,2,2,5,1,3,4,4,1,2,2,1,5,5,6,3,13,43106
529,1,3,2,1,3,2,5,3,2,1,3,1,2,4,1,3,3,4,4,4,5,5,6,8001
16,4,4,5,6,4,5,1,1,2,5,2,6,5,2,2,4,2,4,5,5,4,3,12,237
335,3,4,5,5,4,2,5,3,3,4,4,1,1,4,4,4,3,1,4,4,6,4,4,14526
1160,2,4,4,2,5,2,5,2,2,2,3,5,2,2,5,4,4,1,4,1,4,3,7,52056
130,4,4,5,2,3,2,5,3,5,1,2,3,3,4,2,6,2,4,5,2,6,4,3,1574
137,3,4,5,2,4,4,4,2,3,3,2,5,5,5,4,3,3,4,3,4,6,2,4,2204
77,1,3,3,3,3,2,2,2,4,4,3,1,3,4,3,4,5,1,3,3,4,2,6,1240
440,2,1,1,4,5,2,3,5,3,5,2,4,2,2,3,3,2,5,3,2,4,4,4,5536
683,5,5,5,4,2,2,3,2,3,2,1,5,2,2,2,3,3,1,3,2,6,1,6,9674
1880,1,3,3,2,3,2,4,3,1,4,2,4,3,5,2,3,3,5,6,1,4,2,15,72877
251,5,2,4,2,2,1,1,3,3,2,4,6,4,3,2,3,4,2,6,2,5,5,1,1420
1405,2,2,5,1,3,5,4,4,5,1,1,3,4,3,2,2,3,4,5,5,4,3,1,27666
1256,2,2,3,4,2,5,2,4,5,2,4,4,2,4,3,2,3,2,6,3,5,1,5,76644
840,2,3,6,6,4,3,4,3,4,4,5,5,5,5,4,6,1,4,4,3,4,2,17,24043
1625,4,2,5,3,3,3,6,4,1,4,2,3,4,2,3,4,3,5,5,1,3,3,4,20246
1754,3,5,2,3,2,2,1,2,3,2,3,5,4,5,4,5,2,3,5,5,6,4,5,34657
466,2,4,2,5,3,1,2,4,2,3,4,5,2,4,4,2,2,2,5,2,4,5,9,8341
729,4,2,2,6,3,4,5,1,2,3,2,3,3,3,2,3,4,2,3,2,3,1,8,24805
1251,3,3,1,5,4,3,4,4,4,4,1,6,3,3,3,6,4,2,6,2,4,2,2,65130
318,3,1,1,3,2,4,4,2,4,5,2,6,5,4,2,5,4,1,5,4,4,2,2,6371
931,2,5,5,4,2,2,5,4,3,4,4,1,2,4,2,2,2,1,4,3,5,3,4,11696
995,3,4,4,3,2,5,3,1,3,2,4,4,2,5,3,5,4,5,3,2,4,4,2,25095
482,4,1,4,5,3,5,3,3,2,3,4,1,4,3,2,3,3,3,3,3,6,5,4,12238
1959,2,3,5,2,4,2,6,3,1,1,4,2,3,3,5,3,2,1,4,2,5,2,18,123105
947,4,3,4,4,2,4,2,3,1,3,2,1,2,3,1,5,2,3,5,5,4,3,8,19382
1660,4,4,2,4,4,3,5,1,2,2,3,5,5,2,1,3,5,2,5,5,5,2,4,27106
1713,4,2,1,3,4,2,2,5,1,1,5,5,4,2,4,3,3,3,4,3,5,3,7,26845
414,3,3,1,2,3,4,2,5,3,4,2,6,6,5,3,3,4,4,4,4,4,4,1,3428
1565,4,3,4,6,4,3,5,4,2,2,1,1,4,5,4,4,5,3,6,6,3,4,8,34450
324,2,3,4,1,3,1,4,1,3,4,2,3,4,2,2,6,4,4,5,6,6,3,9,2965
708,1,2,4,6,3,2,3,4,4,2,3,1,4,3,1,4,1,1,4,3,5,3,23,44003
770,4,3,6,3,2,4,2,4,3,4,2,3,2,3,4,5,4,2,5,3,4,3,0,19782
1942,5,3,4,3,2,3,2,3,3,2,4,2,2,4,5,4,3,3,3,2,3,4,2,44272
1084,4,4,4,3,2,4,4,2,1,2,4,3,2,2,3,4,1,1,4,2,5,3,13,42749
1297,2,4,4,2,3,1,3,2,2,4,5,2,3,5,3,3,1,3,3,5,5,3,12,28667
1927,5,3,4,3,2,4,4,2,3,3,4,4,6,3,2,3,2,3,5,2,5,4,0,20304
596,4,1,3,4,2,3,1,1,5,4,1,6,3,5,5,4,2,2,4,5,3,3,10,21569
1674,4,2,1,4,4,2,2,1,2,5,3,2,4,4,4,6,3,4,6,1,5,4,12,96490
1445,4,3,4,5,3,2,2,4,2,4,4,3,3,4,2,3,3,3,5,5,6,3,4,29175
50,4,5,3,5,5,3,4,3,2,3,1,5,2,2,5,4,5,3,4,4,4,3,3,575
331,3,1,6,4,4,5,1,2,2,3,3,2,2,3,2,4,3,3,3,2,3,5,3,9847
146,5,2,2,6,3,5,3,3,2,3,2,6,5,3,5,2,4,1,4,4,5,3,7,4544
165,1,3,4,3,3,5,2,3,2,3,2,5,2,3,1,2,2,4,6,5,4,3,11,4622
93,5,2,6,5,5,1,5,5,4,3,2,1,6,3,5,2,4,2,5,5,5,5,3,496
1667,1,3,5,5,3,3,5,2,2,3,3,5,2,4,1,5,4,4,4,6,5,5,9,27057
654,1,2,2,4,5,4,5,1,3,3,2,3,5,5,4,5,2,3,4,4,5,2,17,69191
661,4,3,4,5,3,3,2,3,3,4,4,3,5,3,4,5,4,4,5,3,4,3,0,14042
308,2,4,5,2,4,5,1,3,2,5,3,1,3,2,3,4,5,2,3,4,5,4,3,3842
490,3,3,6,4,2,2,4,2,4,4,4,6,5,4,4,4,3,5,3,2,6,3,1,3756
688,1,3,2,5,2,4,4,3,4,5,3,2,3,3,5,6,3,2,4,1,5,3,14,43334
1702,3,4,3,4,4,3,5,5,1,3,5,3,5,2,3,5,4,2,4,1,6,2,10,38690
848,5,5,3,5,2,1,3,5,5,4,4,6,3,3,1,4,4,4,4,3,6,3,0,1802
60,2,1,5,2,3,1,4,2,3,1,2,3,5,3,1,2,2,4,3,3,5,3,5,617
1105,3,2,1,2,2,3,5,3,4,3,3,5,3,5,3,3,2,4,4,2,3,2,1,25459
227,3,4,3,3,5,5,2,4,3,2,2,2,6,2,4,4,4,2,5,5,3,2,0,6111
720,4,4,4,3,3,5,4,2,1,4,1,4,4,5,2,3,3,4,6,3,5,1,14,33528
1443,3,5,1,2,4,3,1,5,4,3,4,2,1,3,1,5,3,2,5,3,4,2,0,37680
1186,3,3,6,1,3,4,5,2,3,2,5,4,3,4,3,6,5,4,4,5,4,2,2,11705
503,2,2,3,6,4,4,2,4,2,4,5,3,6,3,2,2,3,1,5,5,4,3,7,9095
1096,3,2,3,5,4,2,2,4,3,3,3,4,3,3,1,5,2,4,3,3,4,1,5,29708
1160,3,3,2,2,4,4,3,2,3,5,1,2,2,5,3,5,3,4,3,2,4,4,3,45764
868,4,3,3,6,3,2,4,5,5,4,4,4,4,5,3,2,3,4,4,6,3,2,2,4672
642,1,4,2,6,4,4,4,2,3,3,4,2,6,3,4,3,5,5,6,5,4,2,16,16077
711,2,4,2,3,3,4,4,2,3,4,4,5,2,2,5,3,1,1,5,3,5,5,12,21711
1344,5,3,4,2,4,4,4,3,5,4,1,5,3,3,2,4,4,2,5,2,4,2,0,25836
775,5,4,2,6,5,3,5,1,4,3,1,5,3,3,2,3,2,3,4,5,5,4,5,15980
1051,3,2,3,4,5,3,3,4,1,3,1,4,5,3,4,5,3,1,5,6,4,1,12,52879
859,1,4,3,2,5,4,4,5,2,3,4,3,2,4,1,3,4,3,6,2,4,5,6,10842
1999,4,3,3,1,4,5,2,4,3,2,4,3,5,4,2,4,3,1,3,6,6,4,1,36304
1841,5,3,5,4,3,4,3,4,3,2,4,2,2,5,3,5,5,4,4,3,6,2,1,76798
1330,4,2,5,3,4,4,3,1,5,4,2,3,1,3,5,4,1,3,4,2,4,1,12,73638
293,3,4,4,4,4,2,4,5,3,5,4,5,3,2,2,4,2,1,4,2,5,1,4,3052
1746,1,1,4,2,3,3,1,2,3,5,5,4,3,5,3,6,2,4,4,2,6,4,19,60306
1980,4,2,5,5,4,4,6,1,4,3,5,6,5,3,3,4,3,4,5,2,4,4,0,26520
42,1,3,5,4,2,1,3,4,2,5,3,3,3,5,3,5,4,2,3,5,6,2,9,682
1756,4,3,3,6,3,4,1,5,3,4,5,2,4,5,3,4,3,1,3,6,4,3,2,53317
122,2,4,5,6,3,3,5,2,3,3,2,2,3,4,4,2,3,2,4,5,4,4,5,1846
981,4,4,2,4,3,2,5,2,2,5,4,3,5,5,2,5,2,2,4,3,5,4,5,18245
1302,2,3,1,1,4,4,5,5,2,1,3,1,6,5,3,4,5,4,5,4,4,2,4,39231
1963,5,3,2,6,4,3,6,1,2,4,4,4,5,3,2,2,3,4,5,4,5,5,6,14575
1773,4,3,5,2,3,2,5,1,2,3,2,2,2,4,4,3,1,4,5,5,3,4,13,44966
430,4,1,2,6,3,2,5,3,3,1,3,4,5,3,4,2,1,3,5,6,5,2,15,14803
828,1,4,4,2,5,1,4,5,4,3,3,6,5,3,5,3,3,4,5,4,5,3,8,7966
446,1,3,1,1,3,4,3,4,2,5,1,2,3,2,4,3,2,4,4,4,4,2,12,13063
1837,2,5,3,4,4,3,4,3,3,2,1,2,2,3,5,5,2,1,5,3,3,4,9,96749
1168,2,5,1,2,3,5,3,3,4,5,3,6,1,3,3,4,2,5,4,4,5,5,2,8175
1473,4,4,5,4,3,2,6,3,3,5,1,1,5,3,2,2,3,1,5,6,4,5,0,7436
1468,2,3,2,6,3,3,3,1,2,2,5,3,2,4,3,5,3,2,5,1,4,2,12,215952
1402,3,3,4,3,4,1,3,3,2,3,2,6,1,3,2,3,3,4,6,6,4,2,4,19664
1280,5,1,6,3,4,2,3,3,5,5,4,5,4,4,1,3,4,4,6,3,4,3,0,5679
653,2,2,4,2,5,1,3,4,4,3,2,2,2,4,3,4,3,1,6,5,5,1,5,42301
922,4,2,4,3,2,3,2,4,2,3,1,5,1,5,5,6,3,3,5,5,6,1,13,71229
1354,3,3,4,3,4,3,4,5,1,1,4,1,4,4,3,4,3,3,4,2,6,1,14,67150
641,2,4,5,3,2,1,2,5,3,2,3,3,1,4,5,5,3,2,4,3,5,2,4,26169
514,3,3,6,2,5,3,4,3,2,3,4,2,5,4,1,3,4,4,4,5,5,2,0,5209
785,2,2,2,3,5,2,5,2,2,4,2,3,5,5,4,5,3,2,3,6,4,3,5,36316
132,4,2,4,6,3,3,4,2,4,2,4,5,4,3,1,3,2,2,5,2,4,2,4,2347
836,3,3,3,5,4,4,3,2,4,3,2,2,4,4,2,5,4,2,6,2,5,3,1,69419
1838,1,3,6,3,4,4,3,2,5,3,2,6,4,3,2,2,2,3,3,6,5,4,5,16094
506,4,4,3,3,4,2,3,5,2,1,2,4,6,3,2,5,2,5,4,5,4,3,1,4877
1649,4,2,1,5,3,2,2,3,4,2,1,4,4,3,4,4,1,2,4,5,5,2,12,168207
18,1,4,2,3,3,3,2,4,1,2,3,3,3,3,2,4,4,1,6,4,4,4,9,447
157,2,3,3,6,2,5,3,2,1,4,3,3,3,2,3,5,1,1,3,3,5,4,25,9349
1210,4,3,5,5,3,1,3,1,3,5,5,1,5,4,2,4,4,1,5,4,4,4,1,14588
109,2,2,5,2,4,4,5,4,2,4,5,5,5,2,5,4,3,4,5,4,4,1,8,1428
1170,5,3,3,5,4,4,5,3,3,4,3,4,3,2,2,5,2,2,4,5,5,4,1,14319
1391,2,2,3,4,4,3,5,4,4,3,5,1,6,4,4,4,2,5,5,4,6,4,11,29958
345,5,3,2,1,3,4,3,4,1,4,4,4,2,2,3,3,3,3,5,4,4,2,6,2618
1949,5,5,5,1,2,4,2,2,1,3,2,4,6,3,1,3,4,3,5,4,5,4,6,11274
1447,3,1,5,3,3,2,2,5,3,4,3,4,1,5,3,2,4,5,4,2,5,2,0,17103
922,4,4,4,4,2,1,2,5,2,3,2,1,5,4,2,5,2,3,5,3,4,2,4,12095
876,2,2,4,3,3,2,2,2,5,4,2,3,1,4,1,6,5,5,3,2,4,4,3,4981
807,2,1,3,5,5,5,4,3,1,1,4,5,4,3,4,3,3,4,4,2,3,2,13,47151
1030,4,2,5,4,3,4,5,3,4,1,3,3,4,4,4,4,3,2,5,6,5,2,0,33906
1795,4,5,2,4,3,2,1,3,3,5,3,3,6,3,5,2,4,2,4,5,4,3,1,17151
748,2,2,5,1,4,1,6,2,2,4,4,4,2,4,4,5,4,4,5,4,4,5,6,6367
438,5,4,3,3,3,4,4,1,1,1,3,2,5,3,5,4,1,4,4,1,5,5,25,18106
189,3,1,1,3,3,2,4,3,3,2,3,3,2,2,4,5,2,2,3,5,6,2,8,8169
1301,5,4,5,2,2,2,3,4,1,5,2,4,5,5,2,5,5,2,5,4,4,4,4,8408
133,3,2,4,5,5,2,2,2,5,4,3,2,3,4,1,3,2,4,3,2,5,2,3,2956
920,3,2,4,5,5,2,1,2,5,3,4,2,3,3,2,5,3,2,3,4,5,1,5,43572
1672,2,2,5,1,4,2,3,3,4,2,1,5,1,4,3,4,3,5,5,2,6,4,5,52831
1514,3,4,5,4,3,2,2,2,2,1,2,5,6,3,4,6,2,1,6,5,5,2,11,95397
1087,4,5,1,5,5,4,6,2,4,5,3,1,5,5,1,2,4,2,5,5,5,3,0,12826
1862,5,5,5,2,4,5,4,5,3,4,4,6,2,5,2,4,2,1,5,1,6,1,10,33955
582,4,3,4,2,3,3,5,3,4,5,3,2,5,4,3,3,4,3,5,4,4,4,0,3373
1833,4,2,5,2,5,4,6,4,5,4,3,5,6,4,3,2,4,2,5,2,5,2,0,18315
1422,4,2,3,2,3,3,2,4,3,3,1,3,5,3,4,4,4,2,6,6,4,4,0,37369
92,1,3,3,2,4,2,5,3,2,5,3,2,3,3,3,6,2,4,5,4,6,5,16,2394
1041,5,5,5,6,3,3,6,2,2,4,2,4,4,4,4,2,2,1,4,6,5,3,10,16727
1262,3,4,3,6,5,4,6,4,2,4,3,5,5,4,5,5,2,4,4,4,6,5,14,32637
1673,4,2,2,5,4,5,5,2,2,4,5,3,2,4,4,5,5,1,6,4,4,3,6,94430
537,5,3,4,3,3,1,2,1,4,2,4,5,2,4,3,3,4,3,6,3,4,1,0,8107
1536,3,2,4,4,4,2,1,1,2,2,2,4,3,3,2,3,3,5,4,6,3,2,1,43931
1753,4,3,3,4,3,5,1,5,3,2,3,1,4,4,2,3,4,2,5,2,5,1,3,117785
1077,4,3,2,5,2,5,2,2,5,4,1,6,1,3,3,3,4,2,4,6,3,2,0,19549
545,1,4,5,4,2,5,6,3,5,1,2,2,2,3,2,4,1,3,5,3,5,3,14,19198
1005,2,3,6,5,3,5,5,1,1,2,5,6,1,4,3,4,4,5,3,4,4,4,12,16198
1970,2,4,2,4,2,5,3,5,3,2,3,5,5,4,4,4,4,3,5,4,5,2,2,57219
839,5,3,4,3,3,4,2,3,3,2,4,4,2,2,5,4,3,1,5,1,5,4,2,27034
1822,4,4,3,2,5,4,4,2,3,1,4,2,4,5,1,4,2,4,3,4,5,1,4,53632
1435,5,2,2,3,5,5,3,3,2,4,1,2,3,4,5,5,2,3,5,5,4,3,11,78148
87,2,2,4,5,4,2,1,5,3,3,2,2,3,5,1,5,1,2,5,3,5,3,17,3558
1902,4,3,2,4,3,2,5,2,2,1,2,5,4,4,4,5,4,4,4,2,4,2,3,64652
752,4,3,2,2,2,3,2,3,3,1,4,5,1,5,2,5,4,3,5,5,3,4,0,14466
1539,4,4,3,1,4,2,5,4,1,4,5,3,4,3,4,5,1,2,6,2,5,1,19,45518
1618,1,2,1,3,2,5,6,2,2,4,2,4,1,4,4,4,3,2,4,6,5,4,8,125234
1911,3,2,3,5,4,5,2,3,2,3,5,3,6,4,2,4,4,5,5,5,4,3,1,53380
1824,5,3,5,6,5,3,2,2,4,3,4,5,2,2,4,5,2,5,5,5,6,3,5,66726
825,1,4,1,2,4,1,4,1,1,2,5,3,2,5,3,3,3,4,5,3,5,3,14,44487
450,3,2,4,2,3,2,3,1,4,3,4,4,2,2,4,5,4,2,5,5,4,5,2,7845
421,3,2,2,2,4,2,2,2,3,2,3,4,4,5,3,4,2,3,5,5,5,4,2,14389
1072,4,5,3,4,4,3,5,5,3,4,1,2,5,4,4,5,4,1,5,4,5,3,1,32556
875,4,4,3,1,4,2,2,5,3,2,1,2,1,4,1,5,4,2,5,3,4,4,0,11174
269,2,5,6,1,5,5,2,1,5,4,2,2,3,4,1,2,1,4,5,4,5,3,11,3240
1109,1,2,4,4,5,5,4,3,3,2,4,3,6,2,2,5,4,2,4,2,6,4,7,51565
1747,4,2,3,4,3,3,1,3,2,3,4,1,6,3,4,3,4,2,4,3,5,4,3,47812
1261,4,4,1,4,4,4,5,2,4,1,4,5,4,3,4,2,4,2,4,2,5,4,0,27096
1060,2,4,5,3,4,2,4,3,4,2,3,4,6,4,2,4,4,4,3,2,3,4,0,10389
1521,5,2,2,4,5,2,2,4,1,3,3,5,2,5,5,3,4,4,3,4,5,2,9,71860
1600,3,5,2,2,4,3,3,5,1,4,4,2,3,3,3,3,4,2,3,5,4,1,4,18218
7,2,1,5,5,5,3,5,2,2,4,3,5,6,5,1,5,4,3,6,6,5,4,12,118
761,3,5,1,5,3,1,4,3,3,4,1,2,3,5,5,5,2,5,5,1,5,5,12,29174
11,5,2,3,3,2,4,5,1,2,4,2,4,2,5,3,2,2,3,5,2,4,3,8,148
1194,2,5,2,1,4,4,2,5,3,3,4,1,3,4,4,4,5,3,5,2,4,5,4,14117
1296,3,2,3,3,3,3,4,5,5,2,4,3,3,3,3,5,3,4,4,4,4,2,0,18387
331,2,2,2,4,4,3,4,3,3,4,2,3,5,2,4,2,3,2,4,2,4,3,0,9039
689,5,2,3,2,3,2,5,3,5,5,4,4,5,4,3,3,3,2,6,6,4,4,0,3323
92,4,3,4,4,3,4,2,2,4,2,3,4,4,3,3,5,1,4,5,2,3,2,6,2162
450,2,2,4,3,4,2,4,5,3,1,4,4,2,2,2,4,1,2,4,1,6,4,14,13740
1260,3,3,6,6,2,2,1,3,1,4,1,5,4,3,3,3,4,3,4,6,4,2,12,21745
1018,1,2,5,2,2,3,5,3,4,4,4,4,4,3,1,6,5,2,6,5,5,1,11,12953
738,5,5,2,4,2,3,2,2,3,5,5,3,2,3,3,6,1,4,4,6,4,4,5,5371
394,1,2,1,4,3,5,5,3,3,3,4,4,2,2,3,5,4,4,5,2,3,1,7,13670
1701,1,2,3,1,4,3,5,4,3,5,4,2,5,5,1,5,3,2,4,6,5,2,6,20659
1694,3,1,2,4,2,4,5,4,5,1,2,3,2,4,2,3,2,3,6,3,3,3,3,43932
1527,3,5,5,1,3,3,3,5,3,3,1,2,2,3,3,3,2,3,6,3,6,2,8,32637
893,3,4,5,1,4,2,1,5,2,5,2,4,4,3,3,2,2,4,6,6,4,2,4,5861
1577,5,4,2,2,4,1,2,3,3,4,3,3,2,4,2,6,5,3,6,3,5,3,1,35900
358,4,3,3,6,3,2,3,3,2,3,2,5,3,4,4,4,2,4,4,5,5,1,15,17469
637,2,2,5,2,4,4,4,4,5,3,1,2,1,5,2,2,5,1,5,1,4,4,5,13946
1103,2,4,5,3,2,2,5,1,3,2,4,1,6,5,2,4,3,2,5,6,3,1,6,23641
1682,4,2,2,4,3,2,1,4,3,5,3,5,6,4,4,5,5,2,4,4,4,5,0,24338
1633,4,3,4,2,2,4,2,3,4,4,3,6,5,5,2,2,4,5,4,2,4,4,0,5873
295,1,2,3,6,3,3,2,1,2,4,2,3,5,3,2,5,4,2,6,3,5,3,19,22036
199,4,2,5,1,4,4,5,3,4,3,4,6,4,4,2,5,2,3,5,5,6,2,4,1560
1097,5,4,2,1,2,4,4,4,1,2,3,2,3,5,3,2,3,5,3,2,6,5,6,8018
778,1,5,5,2,4,3,5,4,5,3,1,2,3,3,1,3,4,4,5,4,3,2,3,7521
508,4,2,4,3,2,3,3,4,4,1,3,6,3,3,5,6,1,4,5,2,4,5,8,8974
946,2,3,4,4,3,1,2,1,4,4,1,2,5,4,2,3,4,2,5,3,3,4,1,23742
926,1,5,3,5,4,4,5,4,4,3,4,4,4,4,4,4,2,1,6,3,4,3,11,50725
1947,3,2,2,3,4,5,2,2,3,4,4,5,5,4,4,6,2,3,6,4,4,4,6,134472
1517,3,2,4,3,2,4,6,4,2,3,2,3,6,2,2,6,1,4,4,6,4,4,9,21102
909,1,2,2,3,4,3,2,2,4,3,5,3,4,2,2,2,3,4,5,4,4,3,3,15657
100,3,2,2,4,4,3,5,3,1,5,3,1,6,3,2,4,1,3,3,6,4,3,13,1624
1835,1,4,4,4,3,4,5,2,4,5,4,1,3,3,4,3,1,2,4,6,4,3,17,57411
584,4,5,6,6,2,2,4,4,5,3,4,5,4,3,2,5,3,3,5,1,6,4,1,6309
325,4,5,2,5,3,4,5,4,3,5,1,3,3,2,4,4,4,2,5,3,3,2,0,6006
293,5,4,6,4,3,2,2,2,4,3,3,6,5,4,1,5,2,4,5,4,5,2,1,2574
585,3,4,5,4,3,4,3,4,2,1,2,2,5,4,4,4,2,2,5,1,6,2,12,57539
173,4,1,3,5,2,2,5,4,3,4,4,3,3,4,1,3,5,4,5,1,4,5,1,858
769,5,4,3,4,4,4,5,4,1,3,5,5,6,2,3,3,3,3,5,4,4,5,7,4221
301,1,1,2,5,4,2,4,3,2,5,3,6,4,5,4,4,1,4,4,4,4,3,25,9291
181,4,4,2,1,2,2,5,1,4,3,4,5,1,5,3,6,3,3,6,4,5,1,4,2535
642,2,2,2,5,3,1,2,1,3,1,3,3,2,5,5,6,1,2,4,6,4,5,25,44591
38,2,2,1,1,4,2,4,4,3,2,2,3,4,4,2,4,2,1,5,5,3,3,3,610
264,2,3,5,2,5,3,6,5,5,3,5,3,5,3,2,3,4,4,4,1,5,4,0,1147
555,4,3,3,5,4,3,5,2,2,4,4,5,6,4,3,3,5,4,5,2,4,4,3,7546
1518,5,5,2,5,5,1,3,2,3,1,3,4,5,4,1,4,3,2,6,1,6,2,5,64707
1205,2,4,5,5,5,3,5,4,3,3,4,3,3,5,3,4,4,3,6,6,5,4,4,27857
1135,2,4,4,5,5,4,5,4,3,3,5,3,4,3,2,4,1,5,3,4,4,4,6,14133
1552,2,3,1,6,2,3,5,5,2,1,1,2,3,2,3,3,1,4,5,6,6,3,26,79804
1271,3,4,4,2,3,3,4,3,3,2,2,1,3,5,2,3,3,3,4,2,5,2,1,27076
1871,2,4,4,5,2,4,6,5,3,3,2,4,3,5,4,5,1,3,4,2,3,1,17,77127
1804,2,3,2,6,3,3,6,5,1,4,3,4,3,3,3,5,2,3,5,4,4,5,15,54997
1574,2,4,5,6,4,2,3,1,2,2,4,4,3,3,3,2,4,3,5,2,5,2,11,106570
1855,1,5,6,2,4,4,4,3,1,4,2,4,4,3,5,2,4,3,6,4,4,3,18,40443
785,2,4,5,2,4,1,5,3,1,3,4,4,5,4,5,5,4,5,6,1,4,5,13,8482
989,1,4,2,4,4,2,5,2,2,2,5,2,2,4,2,4,3,2,5,6,6,2,14,45418
202,3,3,4,6,3,4,5,4,3,2,4,2,2,4,2,4,2,3,4,2,4,2,5,8090
263,4,3,3,5,3,4,2,1,1,3,3,4,5,2,4,4,4,4,3,5,4,2,12,5178
1176,1,2,4,3,3,4,2,4,2,5,1,3,6,3,2,6,1,2,6,4,4,1,25,84776
1449,2,2,5,5,3,4,3,2,3,4,2,2,3,4,2,5,1,1,4,2,4,2,18,213344
235,5,2,3,3,5,3,5,3,1,3,2,5,5,5,5,3,2,2,5,6,5,4,17,8522
1579,2,3,3,2,3,1,4,1,2,3,3,2,6,5,3,6,3,2,5,2,4,3,8,52384
1047,2,1,1,5,2,2,1,5,1,2,2,5,1,3,5,6,2,3,5,5,5,2,29,140984
1056,1,2,5,5,4,3,4,5,4,3,3,4,3,5,4,3,2,4,5,2,4,3,11,32394
1613,5,4,6,6,3,2,5,2,1,2,2,2,6,4,3,5,3,4,4,5,4,5,11,12493
793,2,2,3,2,2,2,6,1,2,4,3,6,4,2,2,6,5,4,5,1,6,5,15,5879
1374,4,2,5,3,5,5,3,4,3,4,5,6,2,3,4,4,3,1,6,4,4,4,1,40399
871,3,4,2,4,4,2,3,4,2,2,1,5,4,3,4,5,3,5,5,1,3,5,3,20085
1704,2,5,3,4,5,3,4,2,5,4,3,4,3,4,4,6,4,3,4,2,3,3,2,55653
730,2,4,5,4,2,1,3,2,4,4,3,4,3,4,4,3,4,4,5,4,5,1,5,16383
244,5,4,4,5,4,5,3,3,3,3,3,2,3,5,2,2,3,2,5,4,5,4,0,4496
722,1,3,2,5,3,2,3,2,5,4,1,1,3,5,2,5,2,3,4,5,5,3,16,50770
672,4,4,5,3,3,3,5,3,5,5,4,2,2,4,3,4,4,2,4,3,5,5,0,6511
1037,1,2,2,6,2,3,2,5,4,4,4,4,4,3,3,2,4,5,5,5,4,2,10,11436
1567,1,5,3,1,3,4,2,1,4,4,1,5,2,5,3,3,3,4,6,3,5,4,10,42286
30,2,1,5,4,4,4,4,1,4,2,2,1,5,5,3,4,2,3,5,4,6,2,17,1472
312,3,3,4,2,4,1,5,2,1,5,2,3,5,5,2,5,3,3,6,5,5,2,12,7647
1839,3,2,5,4,4,5,3,1,3,5,4,4,5,4,4,5,4,2,5,3,6,3,5,98240
1726,2,1,4,2,5,2,6,1,2,3,3,1,2,4,2,5,5,2,6,5,5,3,12,134998
149,3,4,1,3,3,2,3,2,3,5,4,6,3,2,2,5,3,5,6,2,4,3,3,986
875,4,5,3,3,3,3,2,1,5,2,3,5,6,3,3,3,2,2,4,3,4,2,0,14740
916,3,4,1,4,4,4,6,4,3,4,3,6,5,4,2,4,2,2,4,3,4,4,0,18577
1353,4,1,3,5,5,3,5,4,2,2,3,4,5,2,1,5,4,3,6,5,5,2,6,52838
295,2,4,6,3,3,1,2,4,2,4,3,2,2,3,2,6,3,2,5,6,3,4,1,2244
1908,3,5,6,4,4,3,5,2,1,4,4,2,6,2,2,4,2,4,3,5,3,1,9,22717
1383,3,1,3,3,2,3,2,4,2,4,2,2,3,3,3,5,2,2,5,3,4,2,6,82843
1340,3,2,2,4,3,4,1,4,2,3,2,4,2,4,4,2,3,2,5,1,5,2,4,165192
1850,4,3,6,1,3,2,6,4,1,3,2,5,5,4,4,4,2,2,5,3,4,4,9,21027
333,5,1,5,6,5,4,6,3,4,2,2,3,1,4,2,4,4,3,4,4,4,4,0,10653
561,5,3,4,1,3,5,4,1,2,3,3,5,2,2,4,2,3,3,5,2,6,3,7,15555
1865,3,2,2,4,5,3,2,2,3,1,2,5,5,2,2,6,2,5,6,5,4,3,7,65565
1748,3,2,5,5,2,4,5,3,4,3,5,4,5,5,1,6,1,3,4,1,5,5,13,52655
1978,3,2,3,5,4,2,1,2,4,4,2,5,4,2,4,4,4,4,6,4,5,1,3,90450
1519,5,5,4,3,3,3,3,2,4,1,4,2,2,4,2,4,3,4,3,6,3,3,0,10810
1136,3,4,2,4,5,2,2,3,2,4,1,5,3,4,1,3,5,4,6,4,6,4,7,30194
1965,2,2,2,4,5,3,2,2,3,2,1,3,2,3,1,2,1,5,6,6,5,5,15,49501
1371,4,2,2,4,5,3,1,4,2,3,3,4,5,4,1,2,4,3,4,3,3,5,0,12400
1976,2,2,2,4,4,2,3,3,3,2,3,4,3,3,3,4,3,3,6,4,3,5,2,66079
623,1,3,4,2,5,1,4,2,2,2,2,4,2,4,2,4,3,4,4,1,5,2,6,34760
1543,3,2,4,1,3,5,4,5,3,1,1,2,6,2,5,3,4,4,4,5,4,4,3,20915
1371,3,4,5,5,4,3,2,2,3,1,3,4,2,4,4,3,2,2,3,5,5,1,5,55006
542,2,2,1,6,5,3,3,2,4,2,4,5,3,4,4,5,5,2,6,2,5,3,8,51729
1647,5,2,2,2,4,3,3,2,4,3,5,4,4,4,3,3,2,5,4,3,4,5,0,12635
172,4,3,4,5,3,4,3,2,3,4,5,1,3,3,3,4,4,3,5,5,4,5,0,2433
1252,2,1,4,4,3,5,2,2,3,2,3,2,6,4,1,2,2,1,3,2,4,3,4,50274
1806,5,3,3,4,4,4,4,2,4,4,3,5,5,2,1,2,3,5,5,4,5,5,0,4404
476,5,2,3,2,5,3,2,3,2,5,4,4,1,3,2,2,2,1,3,1,5,3,7,9503
36,2,3,1,3,3,5,6,4,4,2,5,2,6,3,2,4,2,4,6,2,6,3,6,687
1110,5,4,4,1,3,2,5,2,1,3,3,2,3,4,4,3,3,5,6,6,5,1,14,8971
1124,2,2,5,2,4,4,5,1,1,4,3,1,5,5,2,3,2,2,4,4,4,2,14,58090
238,3,3,3,4,3,4,4,2,5,3,1,5,6,3,3,4,3,3,4,6,5,3,0,4689
106,5,2,5,5,4,3,3,2,4,2,3,4,3,3,2,5,2,4,4,3,4,3,3,1615
1078,4,1,4,3,4,3,2,3,4,2,4,4,4,5,5,4,2,4,4,6,5,5,5,35537
1534,1,5,3,2,3,1,5,4,5,2,5,1,2,2,1,2,4,4,3,2,4,2,4,6004
534,4,3,4,3,4,2,4,5,4,2,4,2,2,2,4,3,4,2,3,2,5,1,2,7101
472,4,5,6,5,5,1,3,3,2,2,4,4,3,2,1,6,5,4,5,3,4,2,3,3609
1638,2,2,3,2,4,4,4,4,4,2,5,2,4,3,3,2,1,2,5,5,4,1,10,37837
740,4,5,2,3,4,5,6,2,3,4,1,5,3,3,2,3,2,5,5,5,4,5,1,7438
879,2,4,2,5,5,2,6,1,4,3,4,3,5,4,3,3,3,3,4,4,4,2,1,27768
1700,5,2,1,4,2,4,2,2,4,1,4,4,1,4,3,6,2,1,5,2,4,3,5,156526
1134,3,5,2,5,5,5,1,3,3,3,5,5,3,4,2,5,4,3,3,3,6,3,1,39662
1394,2,3,4,3,2,3,2,1,1,2,2,2,2,3,2,3,5,2,3,2,6,3,9,69689
1779,2,3,4,3,3,3,2,2,4,2,3,2,4,3,3,3,4,3,3,2,3,2,0,40732
1258,3,2,4,4,4,2,6,5,4,3,5,2,3,3,3,2,4,2,4,3,3,1,1,12105
1292,3,4,1,2,3,2,4,3,4,4,2,4,4,3,2,3,3,4,3,5,4,4,0,9615
206,4,5,4,2,4,4,5,4,2,3,2,4,4,4,2,5,2,2,5,5,6,5,6,3118
379,5,4,3,5,3,3,2,4,3,1,3,5,6,3,4,2,2,3,4,1,6,3,4,7373
361,2,2,3,2,3,5,5,1,5,2,4,4,6,4,5,5,3,5,6,3,5,1,9,15149
824,5,2,5,5,5,4,3,3,3,5,4,3,4,3,4,3,1,3,4,5,4,5,6,19548
1598,2,5,6,6,5,2,5,3,3,3,2,2,2,4,2,6,3,4,6,2,3,2,9,40843
727,4,2,5,5,4,4,2,4,2,5,5,4,3,3,2,5,4,3,6,6,5,2,5,13195
1136,4,2,5,3,5,2,4,5,5,2,5,6,4,3,2,2,2,3,5,4,4,1,1,6386
781,2,3,2,5,4,4,2,5,4,5,3,4,1,3,3,4,5,2,5,4,6,5,3,18013
1321,2,3,5,1,3,2,1,3,5,3,2,6,2,3,5,4,4,3,6,3,5,3,4,23268
29,2,5,2,3,2,4,2,3,1,1,2,2,2,4,3,2,5,3,5,5,3,2,5,467
459,4,4,4,2,3,3,3,2,5,4,4,5,4,3,2,5,3,4,4,5,4,1,0,2584
709,5,5,2,2,3,2,2,2,1,2,4,1,5,3,2,2,3,1,5,1,5,3,8,10774
1488,5,5,3,4,4,3,4,3,4,4,4,4,3,5,1,3,3,5,4,4,6,4,0,7412
1178,4,2,5,4,3,3,6,2,3,4,3,5,2,3,1,4,3,2,5,2,4,4,0,19643
1252,1,4,3,1,3,2,5,3,5,5,1,3,4,2,2,3,1,3,6,1,4,2,16,12575
1916,1,3,2,2,5,4,4,3,4,2,2,2,6,5,4,6,1,4,5,3,4,1,25,188966
1873,3,4,3,3,2,1,6,3,5,1,4,1,5,4,1,4,3,4,3,5,5,4,0,10796
143,2,2,3,3,5,3,3,2,1,4,4,3,4,3,2,6,4,2,4,3,5,2,10,5583
1161,4,3,6,3,4,4,5,2,3,4,4,1,2,2,2,5,2,2,3,3,5,5,2,25288
861,3,1,4,3,4,3,3,3,4,2,3,1,1,5,1,5,4,4,4,2,6,2,5,50475
1535,3,5,6,1,3,4,2,3,1,1,2,4,1,4,2,5,3,3,5,3,4,2,6,33869
689,3,3,6,2,4,4,3,3,3,4,1,2,3,2,3,4,5,4,5,5,4,4,0,6601
145,2,2,4,5,2,3,5,4,4,5,4,6,5,5,2,3,4,3,3,6,3,1,3,523
1523,2,4,5,5,4,4,4,2,4,4,2,2,2,2,2,5,4,4,6,5,3,4,3,38426
1836,3,5,1,4,5,2,3,1,4,3,1,5,5,5,5,4,4,2,3,5,3,3,3,68143
618,4,4,5,1,2,3,5,2,1,4,2,5,2,3,3,5,3,3,6,4,4,2,12,7257
1294,2,2,5,3,4,1,5,2,4,3,1,1,2,5,3,4,5,2,6,4,4,4,5,32985
1234,1,1,2,6,4,2,3,4,2,2,1,5,3,4,4,4,2,4,5,4,5,1,34,139393
1968,4,4,1,3,4,3,2,2,5,1,1,1,3,3,2,5,2,4,4,4,5,5,4,105568
1589,5,4,4,5,4,4,3,2,4,4,5,3,5,4,4,5,1,5,5,3,6,3,9,30276
40,4,3,2,2,3,4,5,3,3,2,5,6,6,4,1,6,2,4,4,3,6,1,8,482
1098,3,4,2,5,4,5,1,4,4,5,2,4,5,5,1,4,5,3,3,5,4,4,0,12348
288,2,2,3,4,2,3,3,5,3,3,3,4,4,5,2,5,2,1,5,6,4,1,7,7919
16,4,2,4,4,5,4,6,4,4,4,1,1,5,3,4,3,5,5,4,5,4,4,1,104
1443,4,3,2,5,4,3,2,3,4,3,3,3,3,4,2,4,4,2,3,6,4,4,0,35181
1899,2,2,2,1,4,4,5,4,3,3,5,3,6,5,4,3,1,3,4,5,6,3,14,43829
1419,2,5,4,2,3,2,5,3,3,2,3,1,3,3,3,5,2,2,5,5,5,3,6,45302
511,2,4,4,2,3,2,6,5,3,3,3,4,2,2,3,6,3,5,6,3,3,4,2,2588
1229,3,3,5,3,2,5,2,4,2,5,4,4,5,5,4,5,1,3,6,5,3,5,10,25624
19,2,1,2,5,5,4,2,2,4,2,3,4,2,3,5,3,3,4,4,4,5,3,4,719
1061,5,3,4,1,2,3,5,2,5,2,4,3,5,4,1,2,3,1,5,2,5,4,0,6885
1512,5,1,6,2,4,4,4,4,3,2,3,1,4,4,3,6,3,2,5,2,5,5,6,51057
1109,4,3,6,2,5,2,2,2,3,1,3,2,3,3,4,5,5,2,5,5,3,4,1,24400
1775,4,2,2,5,3,3,5,3,1,3,2,6,6,4,3,6,4,2,6,1,5,2,19,87970
1870,3,3,3,5,4,4,5,4,2,2,2,5,2,2,4,5,5,5,5,5,4,4,3,37172
1276,1,4,4,4,4,2,3,4,2,3,4,5,2,5,3,4,4,5,6,5,5,4,11,28052
1612,4,2,3,2,3,4,4,4,2,3,5,4,4,5,3,3,4,3,5,5,5,3,1,26169
105,4,2,2,1,4,3,3,2,3,3,4,4,5,3,4,4,2,1,6,4,6,3,4,4431
1624,2,3,3,2,3,3,4,4,1,5,4,2,4,4,1,4,1,4,4,2,6,4,19,40503
1750,4,3,4,3,4,3,5,2,5,1,2,4,4,3,2,3,4,3,4,2,5,4,0,30478
545,5,5,2,6,4,1,2,1,4,4,5,5,5,5,5,4,4,1,5,4,6,1,6,9606
1090,4,5,5,2,4,3,4,2,1,1,4,5,3,2,3,5,2,4,4,4,5,2,12,16250
214,2,3,2,5,3,5,1,2,1,4,2,5,3,3,3,4,4,2,4,3,5,3,11,15422
1693,3,3,3,6,5,3,3,4,3,4,2,4,6,4,1,3,1,1,4,1,5,1,23,74915
1320,2,3,4,4,3,2,3,3,1,4,2,2,4,4,2,6,1,4,4,5,5,4,20,54711
1529,1,1,5,3,4,4,3,4,5,1,2,2,2,5,2,2,4,3,5,6,4,4,4,51607
717,2,4,2,3,3,5,2,2,2,2,4,4,4,5,1,6,1,5,5,5,4,2,12,27235
475,2,5,2,3,5,3,4,1,1,2,2,2,2,3,2,2,2,2,4,2,6,5,16,18254
397,2,1,2,4,3,2,3,4,2,4,3,2,2,4,5,4,4,1,4,5,3,5,6,12119
616,3,3,3,5,3,3,1,4,2,3,5,6,2,3,4,6,3,4,3,4,6,3,8,13981
264,4,5,4,4,3,1,3,3,1,2,2,3,4,4,2,3,2,4,5,2,4,3,7,3344
1176,3,4,6,4,2,4,2,2,2,1,5,6,2,4,5,2,5,2,6,2,3,5,8,10488
1809,4,5,5,5,5,2,3,2,4,1,3,5,2,3,4,4,2,3,4,3,5,3,1,43877
1357,2,5,5,5,2,4,4,4,2,3,4,5,4,5,4,4,4,4,5,4,4,2,7,22627
174,5,2,1,5,5,2,4,4,3,2,4,4,2,3,2,3,3,1,5,2,5,2,1,6000
444,4,2,3,3,2,2,5,2,2,2,4,2,4,2,2,3,4,4,4,3,3,1,2,3352
1604,4,3,2,6,3,2,3,3,1,1,4,6,5,3,4,4,3,3,4,3,4,2,16,42294
869,2,2,3,5,2,4,4,2,4,1,1,6,2,4,5,3,2,1,5,3,3,2,11,83506
183,3,2,5,3,3,1,3,2,1,2,4,4,3,3,4,5,4,3,6,2,6,4,15,4107
1598,2,3,5,6,5,2,3,5,2,4,2,2,5,4,2,4,4,2,3,5,5,4,5,29963
1283,1,2,4,6,4,5,5,3,4,3,2,4,5,4,4,5,4,3,6,2,5,3,12,78526
1204,4,1,3,3,3,2,2,4,4,3,4,5,3,3,2,5,3,5,6,6,6,3,3,14508
819,2,4,3,3,4,1,2,5,3,2,3,4,2,5,2,2,4,3,5,3,4,2,0,21775
63,5,2,4,5,2,4,2,2,5,4,2,4,2,4,4,3,3,3,3,5,4,2,0,860
1636,2,2,4,3,5,1,3,1,4,2,3,5,2,4,2,4,3,3,6,5,4,5,2,44729
934,2,4,4,3,2,2,5,1,2,4,4,6,2,3,1,6,2,3,4,4,5,4,12,7946
811,2,3,2,4,3,1,5,1,2,3,1,5,3,5,2,5,1,3,5,2,6,5,29,50581
159,2,2,5,2,3,4,1,2,1,2,5,4,5,4,5,5,3,1,4,2,4,2,14,7415
1483,2,4,3,2,4,4,4,1,4,2,2,5,1,2,4,5,4,3,6,3,5,5,5,43565
403,2,1,6,3,2,3,5,1,3,3,1,6,1,4,3,5,4,4,5,4,5,2,8,13455
131,2,5,3,3,3,3,4,4,4,4,3,6,6,3,3,5,1,4,3,4,3,5,2,666
1147,4,5,3,2,3,2,3,4,3,4,5,3,5,4,2,5,5,3,4,4,4,3,0,3525
1250,2,3,4,2,5,4,1,2,5,3,3,2,2,5,1,5,2,3,3,2,4,4,2,47392
1674,2,5,3,6,5,5,2,2,2,5,4,5,3,2,5,3,3,1,3,4,5,3,12,68846
1871,5,2,2,2,5,4,5,2,5,2,4,5,3,4,4,5,3,3,4,4,4,3,1,59650
1145,5,4,3,4,3,3,2,2,4,4,3,1,1,3,2,6,2,3,3,5,4,3,2,30146
1052,4,1,5,5,3,2,4,4,4,3,1,3,3,3,2,3,4,2,3,4,5,5,0,15316
1881,3,2,3,6,4,4,2,4,4,2,3,3,4,4,4,5,2,4,4,3,4,4,4,182595
1016,3,4,6,6,5,2,1,3,2,3,5,4,2,4,3,4,2,2,4,5,6,2,12,43346
1092,1,1,4,3,4,3,6,2,1,2,5,2,6,2,3,3,4,1,5,1,5,4,15,46953
615,2,5,2,3,4,3,3,2,3,4,3,1,1,3,3,3,2,1,4,3,5,1,10,47506
642,4,5,1,5,4,4,3,4,2,2,3,2,2,2,4,6,3,3,5,5,4,3,3,27209
920,2,2,3,3,3,4,2,3,4,2,1,4,3,5,2,3,4,4,4,3,6,5,3,22249
655,1,3,3,3,5,3,3,1,4,5,2,2,6,5,5,5,5,2,6,5,5,2,15,39777
142,2,1,2,2,4,2,3,4,4,5,4,2,5,3,3,5,2,4,5,3,6,4,9,1977
1569,4,3,2,3,3,3,5,4,3,2,4,3,5,2,1,4,3,4,5,1,5,4,0,19054
275,3,2,2,4,3,4,2,3,5,4,3,3,6,4,3,2,5,3,3,6,5,1,1,2439
1628,3,3,4,4,3,2,4,4,5,3,3,4,1,4,5,2,2,5,6,3,4,2,2,34989
1916,2,2,3,4,4,2,4,2,3,2,4,6,4,3,4,4,4,4,4,5,3,1,3,41634
1144,1,4,2,2,3,2,1,3,4,3,3,3,2,4,1,2,2,1,5,3,6,2,11,55439
57,4,1,3,3,4,4,6,4,1,4,4,6,2,3,3,4,5,2,3,6,6,2,11,621
539,5,3,4,3,4,2,2,2,4,3,3,5,2,2,5,4,4,3,6,3,6,1,1,12147
545,4,2,5,4,3,5,4,3,2,4,4,3,5,4,2,2,4,4,3,3,4,5,0,2974
1461,5,2,4,2,2,4,5,4,1,3,2,1,2,3,3,3,3,2,5,3,5,2,8,54164
397,2,3,4,4,4,4,2,1,5,5,2,2,3,5,2,3,2,4,5,5,6,5,9,10691
168,2,2,3,3,4,4,3,2,3,1,3,2,5,3,1,3,5,3,6,5,5,3,3,4207
678,1,3,6,5,4,4,2,4,4,3,5,4,5,4,3,3,3,2,5,6,6,5,10,10652
817,4,4,4,1,5,4,4,3,2,2,2,5,4,2,4,5,4,2,5,5,3,2,2,18435
962,3,2,2,2,4,3,4,5,4,2,2,2,2,4,4,4,2,1,6,4,5,2,4,67327
1861,3,2,5,2,2,2,5,2,4,2,2,5,4,3,4,6,2,3,5,3,6,1,11,83432
679,4,2,1,5,3,1,4,4,3,3,4,2,5,2,4,3,2,3,6,2,3,3,3,11468
1009,1,2,5,2,4,5,2,4,4,3,5,5,3,5,5,5,4,5,3,6,4,3,5,11700
39,4,2,3,3,3,3,5,3,5,3,1,2,2,5,4,6,1,3,6,3,5,4,16,1270
899,2,2,5,3,4,5,5,5,2,1,1,2,1,4,4,6,3,4,6,6,6,5,14,54877
7,4,4,5,1,3,1,5,3,2,4,2,5,3,5,2,4,2,5,4,3,5,2,6,19
1589,4,1,4,3,5,5,6,4,2,3,3,3,2,5,5,2,5,2,3,6,6,4,4,39630
1885,2,3,4,4,4,4,2,4,1,4,5,2,1,5,3,4,5,5,6,4,3,4,7,67624
123,5,2,4,2,4,3,2,5,3,1,3,4,3,3,3,4,3,4,5,5,4,2,0,1646
396,4,4,5,4,3,5,2,2,4,4,5,2,4,2,3,3,2,2,5,1,5,3,2,6318
1850,3,4,5,4,3,4,1,2,4,4,4,1,6,3,2,5,2,3,5,4,6,2,6,84203
173,3,5,5,3,3,3,5,3,4,2,3,6,5,3,4,4,4,1,4,1,5,5,1,1853
1023,3,2,4,4,4,3,5,5,5,3,5,3,5,5,4,3,4,5,4,2,3,4,0,4745
1138,4,2,3,2,3,4,3,2,4,2,2,4,5,3,3,4,1,3,6,5,6,2,10,41997
476,3,4,5,1,3,1,5,1,2,4,4,3,1,4,4,3,1,4,5,5,4,2,12,6770
784,1,4,4,4,4,1,3,2,5,3,2,1,2,5,2,4,3,2,3,2,6,3,9,27893
827,5,5,5,4,4,3,2,1,4,5,2,6,2,3,3,2,3,4,5,3,3,4,0,4219
482,1,5,6,4,3,3,2,5,2,2,4,3,1,2,5,3,1,5,3,5,4,4,17,4919
1168,3,4,3,3,3,4,2,4,4,2,5,3,6,3,4,2,5,5,3,4,5,3,0,5754
1387,2,1,2,3,2,1,6,4,2,1,4,5,2,3,5,3,3,2,5,3,4,3,7,33371
1247,1,5,6,5,4,4,2,3,4,3,2,4,1,4,4,5,1,1,6,1,5,5,24,99976
584,4,1,2,4,2,4,6,4,4,2,1,5,3,3,3,4,1,3,6,5,3,2,10,15885
549,4,4,4,4,2,2,6,2,5,3,4,5,2,4,4,4,2,1,3,3,5,4,0,4924
1351,1,3,3,2,5,4,2,5,4,2,1,1,1,3,2,4,2,3,4,6,4,3,8,55890
1504,4,5,6,5,3,3,1,2,2,3,2,5,5,3,4,5,3,2,5,4,5,3,6,60885
1891,4,2,1,4,3,2,2,4,1,3,4,2,5,5,4,3,2,4,4,1,3,5,10,60355
729,4,3,4,1,3,4,2,3,5,2,2,3,4,3,3,6,3,2,3,4,5,1,2,12434
326,5,2,6,2,4,5,3,4,4,2,3,4,1,3,4,3,5,5,4,4,4,1,0,2864
1033,5,2,2,3,4,5,3,3,2,4,3,4,2,4,4,5,4,2,3,1,6,2,6,70669
1345,5,3,1,2,4,2,3,4,2,4,3,2,3,4,3,2,4,3,6,5,4,2,1,25334
1475,3,3,2,4,5,3,3,2,2,3,4,3,5,4,4,6,4,5,5,3,5,4,6,85221
186,4,2,1,3,4,1,3,3,3,2,4,5,2,3,5,3,5,2,4,4,4,2,0,2640
46,2,1,4,5,3,2,3,1,4,4,2,3,5,4,2,3,2,4,3,2,6,4,11,745
1748,5,5,5,4,2,2,6,3,4,2,1,4,2,4,1,3,3,1,5,5,4,1,2,22458
91,4,2,5,6,3,4,1,2,1,4,1,2,3,4,2,5,4,5,4,5,4,2,12,2239
999,5,4,2,4,3,2,2,3,3,2,3,2,1,4,1,6,5,3,6,2,4,4,1,29723
1175,3,4,4,5,2,1,6,4,2,5,4,2,5,2,2,5,1,4,6,3,6,4,15,7699
1266,3,2,3,4,5,2,4,4,3,3,1,3,2,3,4,2,4,2,5,2,6,2,2,85219
1227,1,2,3,3,2,3,5,5,3,2,5,1,5,4,4,5,5,5,6,3,4,2,13,30745
453,4,4,2,2,4,2,4,5,2,3,1,6,5,3,1,2,4,2,5,1,4,3,3,4677
1970,1,3,6,5,3,3,5,5,3,4,4,1,5,5,3,3,2,4,5,5,6,3,18,35516
870,5,5,3,1,2,4,4,4,3,2,5,1,5,4,4,2,5,4,6,4,5,3,2,5039
1162,5,2,6,2,5,3,1,3,5,4,4,6,3,4,2,2,1,3,3,3,5,2,5,10298
393,1,3,3,3,4,3,2,3,5,2,4,5,4,5,5,3,4,2,3,5,5,5,5,5349
1253,5,3,4,5,3,2,2,2,4,4,3,2,3,3,4,3,2,2,5,4,4,1,5,48607
125,5,4,3,4,2,4,5,4,3,4,1,5,5,3,2,3,5,1,4,6,6,3,0,850
1034,5,3,3,4,3,3,2,2,3,3,2,5,1,3,4,3,2,2,4,1,3,4,2,30722
1587,3,5,1,2,3,4,1,2,1,3,3,2,2,4,1,3,3,4,4,6,3,2,4,37716
480,4,3,5,2,3,2,6,1,2,2,1,2,5,2,3,4,3,3,4,5,5,3,4,7046
312,3,4,4,2,3,1,4,3,5,2,4,2,6,4,3,2,4,4,4,3,4,2,0,1006
1656,3,3,3,3,3,3,4,4,3,3,3,5,4,2,3,4,1,2,6,5,3,3,5,30335
1847,3,3,2,5,4,1,6,2,4,4,5,3,2,4,4,4,4,4,5,3,3,5,0,17933
766,3,4,3,3,3,1,4,4,4,4,2,6,4,2,4,3,5,1,3,5,5,5,0,3820
720,1,2,1,2,4,3,3,4,3,3,5,2,2,3,3,2,2,4,6,4,5,2,12,27727
85,1,4,2,4,4,1,4,3,2,3,4,6,2,3,1,3,5,4,4,3,6,4,9,706
951,3,2,2,3,2,4,5,5,3,3,5,1,4,2,2,3,2,3,5,1,4,2,4,21695
1272,5,3,4,3,4,4,2,1,5,4,4,5,3,3,4,3,3,4,6,5,4,2,0,22877
1611,2,3,3,2,2,4,2,2,1,2,4,5,4,3,3,3,3,2,5,2,6,2,16,72644
105,4,5,5,4,4,2,2,2,3,4,4,5,5,2,4,3,3,3,6,6,5,4,0,614
1253,4,5,2,2,2,5,4,1,3,2,5,3,2,5,5,2,1,4,3,1,6,3,15,51141
506,3,4,2,2,4,1,3,4,4,2,2,5,4,5,3,5,2,4,6,2,3,1,4,6118
1995,2,4,3,4,3,4,3,3,4,2,3,5,2,2,2,3,4,5,5,4,6,2,3,68586
1874,3,5,5,1,4,4,5,2,4,1,5,2,3,3,3,2,4,2,4,6,4,5,0,8558
1124,5,2,5,5,3,4,4,2,1,4,2,5,3,5,3,4,4,3,5,6,6,1,18,50234
440,2,5,3,3,2,4,1,4,3,4,1,2,4,4,2,6,2,2,5,4,4,3,4,14746
1620,3,3,1,4,4,3,1,4,3,5,5,4,6,5,2,4,4,3,6,4,5,5,1,34779
1611,1,2,4,6,3,3,3,2,1,2,3,3,5,4,3,2,2,4,4,1,6,4,30,117257
156,3,2,4,3,4,2,3,3,2,2,2,5,2,4,3,4,5,1,6,2,5,2,5,5298
142,2,3,2,2,3,1,5,4,2,5,2,3,2,3,4,5,5,3,3,5,4,2,1,1377
1918,2,2,2,2,4,4,2,1,3,1,3,6,4,2,4,4,5,1,5,5,3,3,4,69106
1378,4,2,4,4,4,1,2,3,5,2,2,5,1,5,1,5,5,4,4,2,3,3,1,14432
1625,2,1,6,3,3,1,3,2,1,4,4,5,2,4,2,3,3,2,6,4,3,2,12,27381
1616,5,4,3,6,5,2,4,3,4,1,4,4,4,4,4,5,4,3,4,4,5,4,0,36067
1856,2,5,2,4,3,3,5,3,2,3,2,4,4,3,2,4,4,2,3,2,4,2,0,36827
96,4,2,1,1,5,4,6,2,1,5,2,4,6,3,2,4,3,3,3,5,6,2,10,1488
268,2,5,1,4,3,4,6,1,3,3,5,1,6,4,2,4,1,2,5,6,6,2,21,7297
1626,3,4,2,4,5,4,3,4,3,2,4,4,4,5,2,4,4,4,5,6,5,2,0,41389
722,1,2,4,1,5,3,4,5,3,3,2,5,2,4,4,5,2,2,4,5,5,3,10,20864
1623,3,2,6,5,4,4,4,1,2,2,2,2,3,3,4,3,4,1,5,4,4,2,6,186874
565,2,3,1,2,3,2,2,1,4,5,5,4,3,3,2,2,2,5,5,6,3,5,2,2523
1680,3,2,2,4,5,3,5,2,3,2,3,3,2,5,4,3,4,5,3,4,4,2,0,107688
279,4,1,6,6,3,3,3,2,3,4,2,4,3,5,1,6,4,3,4,5,6,2,11,8154
25,2,2,1,4,3,3,2,3,4,3,5,3,1,3,3,4,2,3,4,2,5,5,3,461
457,5,4,3,5,4,5,5,2,1,5,4,2,5,4,3,4,3,2,4,4,5,2,10,14430
425,3,2,1,5,4,1,4,1,5,4,3,4,5,4,4,3,2,3,5,2,5,1,7,17677
1380,3,3,4,4,3,4,3,4,1,2,2,2,2,5,2,4,1,4,6,6,4,5,19,57968
416,3,2,5,6,4,5,2,4,2,2,3,5,1,2,3,4,3,2,6,3,3,2,9,34284
1441,1,3,6,5,2,1,3,4,4,2,4,4,2,4,3,6,3,2,5,2,5,5,8,34444
1408,2,4,2,3,3,1,5,1,3,2,2,3,2,5,4,3,1,3,6,2,6,5,22,130490
1452,2,4,5,4,2,5,1,4,1,3,3,2,1,5,5,6,3,3,4,5,6,1,23,177398
408,4,2,4,6,3,2,2,3,4,2,5,3,4,3,5,2,3,4,3,1,4,4,2,5132
498,4,4,4,6,4,2,5,4,2,4,2,6,4,3,2,5,3,2,3,1,4,5,5,7257
802,3,3,6,4,4,3,5,3,3,3,3,4,1,3,4,5,4,1,6,2,4,2,2,47094
1418,3,4,4,2,2,4,4,3,3,2,2,3,3,2,2,5,2,3,6,1,5,4,4,31734
1937,5,3,3,5,4,2,4,5,4,2,4,6,5,3,1,6,3,4,4,2,4,3,0,14307
742,2,3,5,3,2,3,2,1,3,5,5,1,5,5,3,5,4,2,4,4,5,4,5,18104
744,2,2,3,2,3,1,5,1,2,2,3,2,5,3,2,3,2,2,5,1,3,3,10,19132
1658,5,5,3,1,3,5,4,2,2,2,3,3,2,2,1,3,1,4,5,1,4,4,8,12700
1444,4,1,6,2,3,5,3,3,2,4,4,5,1,2,4,3,2,3,3,1,4,4,7,17406
616,2,1,1,5,4,2,2,2,1,4,4,5,3,4,3,6,1,3,4,5,3,2,29,37472
515,3,2,1,3,5,3,6,5,5,5,2,3,1,4,4,4,5,1,6,5,4,5,0,7471
1310,3,2,4,5,5,5,1,2,5,3,3,5,6,4,2,6,3,3,5,3,4,3,3,70172
594,2,1,6,1,4,3,2,2,5,4,4,3,2,3,2,3,4,2,5,6,5,1,3,12369
1492,3,4,3,6,5,4,3,5,2,3,3,2,6,4,1,5,2,3,4,2,6,1,18,106611
343,4,2,2,1,4,3,3,4,1,3,4,1,3,5,1,2,2,1,4,1,6,3,14,9736
1104,2,4,1,4,3,1,6,3,4,2,5,1,5,2,3,5,5,1,6,2,3,5,4,12444
484,2,4,3,3,3,3,6,3,1,4,2,4,1,5,1,4,4,4,6,1,4,2,10,9416
1091,3,2,1,2,2,3,6,2,3,1,4,4,5,5,4,6,4,3,5,2,4,5,3,29458
1645,3,2,4,5,3,1,2,2,4,3,1,5,3,4,4,5,2,1,6,5,6,5,10,81262
22,3,4,2,4,5,3,6,4,3,4,4,5,1,4,3,4,2,3,5,3,3,2,0,256
1298,5,2,2,4,5,2,5,4,3,5,5,2,2,3,3,4,1,3,3,1,4,3,8,30030
1575,1,1,3,3,2,1,6,4,1,4,1,3,2,5,5,4,2,4,6,1,4,4,32,58289
1517,2,5,2,3,4,5,3,3,4,2,3,6,2,3,2,4,3,2,4,4,4,3,0,49748
373,5,2,6,4,4,2,2,4,2,3,2,2,5,3,3,4,5,2,4,5,4,3,0,4255
749,4,3,2,2,5,4,5,2,5,4,4,5,2,2,5,4,1,5,3,4,6,5,7,8298
397,4,2,2,4,2,3,4,3,2,2,3,4,3,2,1,4,2,2,6,4,3,4,3,6127
424,4,4,1,5,2,4,4,3,1,2,5,1,3,5,1,5,3,3,6,3,6,1,19,18350
1115,1,5,3,1,4,5,2,2,2,3,2,2,4,5,1,4,5,4,4,5,5,1,11,27948
1112,2,1,5,3,4,2,1,5,3,3,2,5,3,3,5,5,2,3,6,3,4,3,12,61791
1080,4,3,3,2,3,5,3,1,2,2,5,5,2,4,3,6,2,2,4,5,4,2,9,37885
1883,4,4,2,5,2,1,4,2,3,1,4,1,4,4,3,5,1,2,6,3,6,3,13,83777
1687,3,4,4,2,4,2,2,4,3,2,4,5,6,4,2,4,4,4,5,3,4,2,0,17471
1636,2,1,3,2,2,5,4,1,2,2,3,3,2,4,2,6,3,4,5,1,3,1,15,137706
1727,4,4,5,6,2,4,1,4,2,4,3,2,5,5,1,5,3,1,6,3,5,2,7,69189
1931,1,3,4,3,4,4,5,1,3,1,2,3,4,4,3,4,5,2,6,5,5,1,12,121883
1715,1,1,3,4,3,5,4,1,1,5,4,2,6,4,2,5,3,3,6,3,5,1,30,139770
1673,5,2,4,2,3,3,3,4,5,1,2,6,5,4,1,6,5,5,4,4,3,5,1,6320
362,1,3,2,1,2,5,4,2,3,3,2,1,4,4,3,5,2,1,4,4,4,3,10,11371
371,3,5,1,4,4,5,3,3,5,2,3,5,4,4,2,5,2,3,4,2,6,3,2,13809
1188,5,2,3,6,4,4,3,2,4,4,3,4,3,4,4,2,2,2,3,5,4,5,2,30155
1580,2,4,5,3,5,4,3,1,1,4,1,5,2,5,4,3,5,2,5,2,6,3,18,75497
1082,5,4,5,1,5,2,2,5,3,2,2,2,5,3,2,4,3,5,4,3,6,4,1,6466
217,4,2,5,5,3,4,6,3,2,3,5,6,5,4,2,5,3,2,4,6,6,4,6,2464
74,4,3,6,4,3,3,3,3,4,4,3,2,5,2,3,6,1,5,5,2,4,1,11,1110
1470,5,3,6,2,2,3,3,2,3,2,4,3,4,2,2,3,5,4,4,5,4,3,0,3864
613,1,2,1,4,5,3,5,2,2,2,4,3,4,3,4,5,1,3,5,5,4,3,21,47137
1540,2,2,5,1,4,3,3,5,5,2,2,1,4,3,1,3,4,3,5,4,4,2,2,22927
1608,1,3,3,1,4,5,6,1,2,4,1,2,6,5,5,3,2,3,5,5,5,2,26,115060
1034,4,1,3,6,4,3,2,4,2,4,4,2,4,4,1,3,5,1,6,5,5,4,4,39231
22,4,3,3,2,5,1,3,3,1,3,4,4,5,4,2,5,3,2,4,3,5,4,5,262
1091,3,1,5,4,4,2,4,2,1,3,5,2,2,5,2,5,2,4,4,2,3,1,16,44388
738,5,4,5,5,3,3,6,2,4,4,3,3,2,3,2,2,2,3,6,5,5,4,1,6130
1720,3,5,4,5,3,4,6,4,5,1,2,4,1,5,3,4,5,3,3,5,5,5,0,21632
1559,4,1,2,5,2,2,2,4,2,2,5,3,3,4,1,3,2,5,5,4,5,2,8,32061
1334,3,3,4,3,3,3,3,5,2,4,3,3,3,3,1,6,1,3,4,3,5,2,9,43953
448,4,2,1,1,4,2,5,2,1,4,4,1,2,5,3,2,2,4,4,2,4,4,10,7790
1376,2,4,4,6,4,4,3,2,4,3,3,5,2,4,5,3,4,3,5,2,5,5,5,91499
1350,3,3,2,5,5,2,3,4,5,4,3,1,4,3,2,6,2,4,4,3,5,2,5,47853
260,4,4,4,3,3,3,2,5,4,4,4,4,5,5,2,6,1,4,3,5,5,5,3,1272
543,5,3,3,3,2,3,6,2,3,3,4,3,3,3,3,4,2,1,5,2,4,3,0,11122
1528,3,3,3,5,4,4,2,3,4,2,4,2,2,3,2,3,4,3,3,3,5,2,0,58276
186,2,2,5,6,3,1,1,5,2,5,2,4,1,2,1,5,4,5,4,1,5,5,7,2813
74,2,2,2,2,4,2,5,1,4,5,1,3,6,3,2,4,2,2,4,1,5,1,12,1836
1063,3,3,5,4,4,1,3,3,2,1,4,4,4,2,2,2,5,2,3,4,5,4,0,6881
1819,3,4,2,2,5,1,2,1,4,3,2,5,3,5,3,4,3,2,4,3,4,5,1,49247
741,3,2,4,1,4,4,4,2,2,2,4,2,5,3,4,3,5,1,5,5,6,3,6,21588
265,2,4,2,2,4,3,5,4,2,5,4,3,4,3,3,4,1,5,3,1,6,2,14,4278
1232,4,3,3,2,3,5,5,4,2,2,1,3,3,3,4,5,4,2,3,6,4,5,0,21414
1200,4,2,3,5,3,1,5,2,4,1,2,4,4,3,4,5,3,4,4,3,5,4,1,31665
986,5,4,2,5,2,2,2,2,4,3,3,3,2,2,1,5,4,3,3,2,6,1,4,23417
1803,2,1,6,4,4,5,3,4,4,5,4,1,4,4,5,5,3,3,3,3,5,2,11,68725
1556,2,2,1,6,3,2,6,5,4,2,4,2,4,5,5,2,3,3,4,3,3,5,6,25479
579,3,1,3,3,4,2,2,4,5,2,4,6,4,4,3,5,2,3,3,4,6,3,6,9988
997,2,1,6,5,5,4,6,4,4,4,1,5,4,3,2,2,2,2,4,4,4,2,7,24975
1439,5,1,1,3,3,4,4,3,2,4,4,5,1,4,4,4,3,2,6,4,4,4,5,29130
1911,5,4,5,3,3,4,2,3,4,2,2,4,1,4,2,3,2,3,3,5,4,4,0,32222
1486,3,4,3,4,4,2,5,1,2,4,5,4,4,4,2,5,2,2,6,5,6,5,12,34754
482,1,1,2,5,3,2,3,3,4,1,5,6,1,3,5,3,1,4,4,5,4,1,25,21926
552,3,2,5,1,4,3,2,2,5,1,3,2,1,4,2,2,4,2,6,3,4,1,1,15606
745,5,1,2,1,4,3,1,2,2,4,2,3,2,4,2,6,3,1,6,3,3,1,10,33030
1279,4,4,5,5,3,2,5,1,1,3,2,4,5,3,3,3,2,5,3,3,5,4,14,17921
1211,3,2,4,5,4,2,2,3,3,2,5,3,3,4,2,5,2,1,4,6,4,3,2,42606
1413,3,2,5,5,5,5,4,4,3,3,4,3,1,3,2,6,2,4,5,6,6,5,7,53506
1323,3,4,2,3,4,4,5,2,1,4,4,5,2,4,3,5,3,1,3,2,5,2,10,63143
1937,4,4,5,4,5,3,5,1,4,3,2,4,4,3,2,6,4,4,4,4,4,4,3,20907
527,5,4,5,3,5,3,1,3,2,2,3,2,3,2,3,5,2,1,4,4,4,5,0,12553
378,5,2,2,2,2,4,6,5,2,4,3,2,3,3,4,6,3,5,5,1,5,3,6,5004
1933,1,3,6,5,4,3,2,2,4,5,5,3,3,3,2,4,4,2,6,3,5,4,7,60564
187,3,1,3,2,3,1,3,3,4,2,2,6,6,4,1,3,4,3,4,4,5,3,0,1512
1073,4,4,4,5,5,4,5,2,3,3,5,3,5,3,1,3,5,1,4,5,6,2,2,13695
1143,3,2,4,4,2,2,6,3,2,2,4,3,6,3,3,4,3,1,5,5,5,4,1,13385
1720,3,1,1,4,4,3,3,2,1,5,2,5,3,3,2,5,1,4,6,6,6,3,32,131727
971,1,3,4,1,4,4,6,3,2,1,1,4,2,3,3,4,2,3,3,1,3,3,6,37723
1661,4,5,5,5,3,1,4,4,2,2,2,3,4,4,3,3,3,2,5,6,4,3,1,25987
1506,2,4,5,6,4,3,5,3,3,5,2,2,2,4,1,3,3,3,5,3,6,3,9,62129
371,4,3,6,2,3,1,4,5,4,3,2,5,5,2,1,5,3,4,4,6,4,3,0,801
1126,2,2,3,4,3,2,2,2,3,2,5,2,2,3,1,4,4,2,5,4,5,4,1,24008
1625,4,3,4,3,4,3,1,4,4,2,2,6,6,3,2,4,2,1,4,4,3,3,0,24264
1351,2,3,4,2,3,4,5,3,3,2,3,1,4,4,2,2,4,3,4,4,6,1,8,32532
1904,3,2,5,2,5,4,2,4,4,4,5,5,4,3,2,6,4,3,4,3,6,4,2,17497
1267,4,5,4,5,2,4,3,5,3,5,1,6,3,2,4,4,3,1,4,6,4,3,1,12275
919,2,3,2,6,2,5,5,3,3,1,3,4,4,2,4,4,2,3,5,4,3,3,8,34711
1315,4,2,1,3,2,2,2,3,3,3,3,2,5,4,4,6,3,2,3,6,4,1,4,56639
357,4,1,2,5,2,5,5,3,4,3,2,5,5,3,3,3,1,2,6,6,6,4,11,17915
682,3,5,3,4,5,3,6,4,1,2,3,5,6,5,2,3,2,4,5,4,6,4,13,11038
1276,4,5,4,6,4,3,6,2,2,3,2,3,2,4,5,5,4,3,4,4,4,4,6,37531
669,4,4,5,4,5,4,2,2,3,2,2,1,5,5,2,2,2,2,4,5,6,2,8,29644
1790,4,5,4,5,4,2,2,4,3,4,3,2,3,3,2,4,5,5,6,5,6,3,1,28163
1296,2,4,4,3,4,2,2,1,5,3,3,3,3,5,1,2,4,2,3,4,3,2,0,20788
90,3,4,3,4,5,4,6,2,2,1,4,4,4,4,3,3,4,2,4,4,4,2,0,2442
1005,4,3,5,3,3,4,3,5,3,3,4,1,2,4,3,4,4,3,5,6,5,1,3,15965
1862,1,3,6,5,4,3,3,1,2,1,3,3,2,3,2,4,4,5,6,5,6,4,16,84330
1200,2,3,3,5,3,2,6,2,2,2,5,5,5,4,1,3,3,3,3,2,5,2,6,22550
1942,3,1,3,3,3,2,4,5,3,4,2,2,6,5,4,3,5,2,4,5,6,4,3,31323
1720,2,3,4,2,4,3,2,4,5,3,4,2,4,5,4,6,3,1,4,3,6,3,5,111542
1197,1,3,5,4,3,2,2,3,2,4,2,5,2,3,4,3,5,3,4,4,4,3,6,21707
1081,3,4,4,6,3,4,2,4,4,2,3,3,5,4,1,3,5,4,3,4,4,5,0,5820
1135,2,2,1,3,4,1,2,4,5,4,5,2,2,3,1,3,5,3,5,6,6,4,2,10680
1681,2,5,3,2,3,4,6,3,4,1,5,2,5,2,2,4,1,4,5,3,4,1,8,18380
976,3,4,4,6,4,4,3,5,3,4,4,3,3,4,2,4,4,2,4,3,3,2,3,11259
1422,2,2,3,5,5,5,6,2,1,2,4,4,4,4,3,3,1,2,5,3,5,3,25,179389
1608,2,2,3,3,2,4,3,4,5,1,4,5,2,3,2,3,2,5,6,1,6,2,10,36530
334,3,2,6,3,4,1,3,5,3,4,3,6,5,2,3,6,3,4,4,1,5,1,4,3437
294,4,4,4,4,4,3,3,4,3,4,3,6,2,2,2,5,2,4,4,5,6,3,3,2851
9,4,4,1,3,5,1,2,3,4,4,3,5,3,2,4,6,4,4,4,2,6,3,0,82
526,4,2,6,3,5,2,6,4,4,4,1,2,4,5,2,6,2,3,5,3,4,4,7,13363
1843,4,2,6,6,4,2,4,3,2,3,1,1,5,3,3,5,2,4,5,2,4,4,11,67162
1265,5,5,5,4,4,3,4,3,5,5,2,3,1,3,1,5,2,1,3,5,5,3,1,13173
1379,5,2,4,4,3,2,6,4,1,4,4,5,3,5,2,6,1,2,5,3,4,4,16,35009
1178,3,3,3,3,3,4,5,1,4,4,3,3,3,5,2,3,5,1,6,5,4,3,0,30064
377,1,4,3,3,5,5,1,3,5,4,2,4,5,3,3,3,3,5,5,4,5,5,5,3032
1656,2,4,2,3,4,4,2,5,5,3,3,2,4,5,4,4,5,4,3,2,6,4,3,33251
1939,4,2,2,5,2,5,2,1,3,3,3,3,4,4,4,5,2,4,3,4,5,2,8,117513
1544,3,2,3,2,2,4,5,1,2,2,2,4,5,5,2,3,3,3,3,2,5,1,5,74940
757,4,3,5,4,4,3,1,1,5,4,2,6,4,4,4,2,5,5,3,4,4,3,0,6640
1211,1,3,4,6,3,4,5,4,2,2,2,3,3,4,4,6,1,1,4,5,3,2,27,96447
1163,5,4,5,2,2,4,2,2,3,1,3,5,4,5,3,3,4,4,6,2,4,5,0,19762
1303,5,3,4,6,3,4,5,4,2,2,3,3,1,5,4,4,3,3,3,5,4,3,4,59866
1590,4,1,3,5,4,4,4,5,3,2,3,3,5,3,2,5,5,3,3,2,3,3,2,33898
1893,3,3,1,3,4,4,6,4,1,2,2,5,2,4,3,5,4,3,5,3,5,3,6,128186
4,1,1,6,4,3,1,2,4,5,2,1,3,5,4,3,5,5,1,4,4,4,5,6,44
1428,3,4,5,6,3,2,2,4,2,3,2,5,3,5,2,4,2,1,4,5,5,4,11,43724
1422,2,1,5,6,4,2,3,5,3,5,5,3,4,3,5,4,2,5,4,1,3,5,15,17769
72,4,1,1,2,3,4,4,4,2,2,5,5,3,4,1,4,4,4,6,6,6,2,6,841
1496,3,1,1,3,2,2,4,2,5,2,2,4,1,5,4,5,1,1,5,1,3,5,19,101349
19,3,4,5,2,2,4,3,3,1,2,4,6,6,3,3,3,2,3,4,4,5,2,12,186
182,2,4,4,1,5,2,6,1,3,3,2,2,4,3,3,3,3,3,6,2,5,3,4,2601
37,4,2,2,3,3,4,5,1,2,2,1,4,4,4,1,2,2,5,5,4,6,4,12,601
573,3,3,6,2,4,2,4,1,4,1,5,4,2,4,2,4,2,4,4,1,5,3,3,9257
17,2,1,4,2,3,5,2,5,1,5,3,3,2,5,4,2,3,4,4,2,6,1,17,377
570,4,4,5,3,3,1,6,3,2,1,5,3,5,4,4,3,4,3,4,4,4,5,0,2398
106,1,2,3,5,2,2,2,2,3,3,1,2,5,3,2,3,2,2,6,5,3,3,12,2812
1400,4,4,2,5,4,1,2,1,4,2,3,4,3,4,5,3,2,2,6,2,5,2,4,156962
1603,2,3,6,2,3,4,2,5,2,1,1,6,3,3,4,5,3,3,5,4,5,1,11,86923
1713,3,3,3,6,5,2,2,2,3,4,3,5,6,4,5,4,5,1,5,4,3,2,5,60992
503,3,4,5,5,2,4,5,3,2,3,3,5,4,4,1,5,3,1,5,2,5,2,5,16808
192,5,4,4,4,2,2,4,3,3,3,4,4,3,5,4,3,5,2,4,4,3,3,0,1292
507,3,3,4,5,3,3,4,3,4,2,5,3,4,4,5,4,2,3,6,3,5,2,6,25501
1606,3,5,4,4,2,5,2,3,2,4,4,5,4,5,2,3,5,3,4,1,5,2,1,27996
755,5,1,6,1,3,2,3,4,2,2,3,2,4,3,4,2,5,2,6,5,5,3,4,6332
1027,1,1,3,5,4,5,3,2,3,3,4,3,4,3,3,4,2,1,5,2,5,5,14,60441
1210,1,5,5,3,3,2,3,3,3,2,3,2,2,3,5,5,5,1,4,2,5,4,11,48069
190,3,2,5,3,5,2,1,2,4,2,5,1,3,3,2,4,4,2,4,3,5,4,0,2933
1859,4,1,3,1,4,2,4,4,5,2,5,4,5,2,2,3,5,3,5,1,4,3,1,9392
1993,3,2,4,4,2,2,5,4,3,3,4,6,4,4,2,6,5,4,5,5,4,2,2,18165
1109,3,1,5,5,4,3,2,3,3,4,4,2,5,3,2,4,4,3,5,5,3,5,0,20776
454,4,4,6,5,2,1,5,4,3,4,3,2,3,5,5,3,2,1,3,4,6,2,10,4572
1557,5,2,4,4,4,3,5,4,2,1,5,3,6,3,1,3,3,4,5,4,5,3,1,18711
223,2,4,4,6,3,2,4,4,4,3,1,1,2,2,1,3,3,2,6,2,4,4,6,4071
1048,2,2,5,3,5,5,2,1,5,3,2,6,1,2,3,5,4,3,5,2,6,3,5,66109
329,2,2,1,2,4,5,2,1,1,2,4,5,5,4,3,5,4,4,5,2,4,5,12,12602
44,2,2,2,4,4,2,4,3,3,3,2,4,4,3,5,5,2,4,5,4,4,4,8,1144
846,2,3,5,4,3,5,1,2,2,4,2,4,2,2,4,5,4,5,4,3,4,4,3,32193
1477,4,3,1,4,3,1,1,5,3,1,4,4,4,3,2,2,2,4,4,3,3,1,1,19773
967,2,2,6,3,4,3,6,1,1,3,2,5,4,2,4,6,5,4,6,2,4,3,20,22004
1165,2,1,2,5,4,3,6,2,5,2,3,2,6,3,2,5,4,2,4,4,5,3,4,34113
1741,5,2,2,6,3,4,5,2,4,3,3,4,2,5,3,2,4,2,5,4,4,3,0,36846
1542,3,3,1,4,3,3,6,4,3,5,5,6,4,3,5,4,3,3,3,3,4,2,2,13031
809,3,4,5,4,3,3,2,4,1,4,4,2,4,3,2,3,4,4,4,6,5,1,8,11547
886,2,3,2,3,4,1,3,4,3,4,4,3,3,5,4,2,2,2,5,2,5,2,5,19641
211,3,2,2,4,5,2,3,3,2,4,2,4,2,5,2,2,2,1,5,4,3,5,5,6448
145,2,2,4,1,2,2,5,3,2,2,3,1,6,3,2,5,3,3,5,5,5,4,5,1308
1420,4,4,4,3,3,2,2,1,4,4,4,4,5,3,5,6,5,4,5,5,4,4,3,10559
1060,4,3,3,5,3,1,5,2,4,1,4,3,5,4,4,3,2,1,4,4,3,4,0,10405
1714,2,2,3,1,4,3,2,2,3,5,4,5,4,3,3,4,2,3,5,2,5,4,4,36518
1779,2,4,6,5,3,5,4,3,2,1,1,5,4,4,2,4,4,4,4,1,3,5,3,59686
695,3,3,4,1,3,1,5,2,4,2,4,4,1,3,3,4,4,3,3,2,5,3,0,6362
1559,4,3,2,5,4,1,2,1,4,2,5,2,2,2,4,3,1,4,6,2,4,2,11,93258
1808,5,5,2,4,3,5,1,2,3,3,3,1,5,4,2,4,2,3,4,4,5,2,2,75992
392,2,3,3,6,5,5,2,2,4,3,3,3,2,2,5,3,4,2,4,5,3,3,5,19764
1211,1,3,3,4,4,4,3,4,4,4,5,5,5,5,4,5,2,3,5,5,3,5,7,22076
1899,3,2,5,6,3,4,6,1,4,2,5,3,2,5,5,3,5,4,4,2,4,4,2,35212
1949,1,4,2,6,2,2,3,3,4,2,4,4,3,5,5,5,3,4,6,5,6,2,21,88502
888,2,3,5,4,2,2,1,4,1,2,3,4,5,2,5,4,5,4,5,2,5,5,12,17584
885,2,5,3,4,4,4,1,3,2,3,4,2,5,3,2,3,4,5,5,4,4,3,1,17085
1488,3,2,2,2,3,2,4,3,2,2,4,4,4,4,3,3,3,3,3,4,5,4,0,22863
1889,5,4,5,6,4,4,3,3,5,1,3,2,6,4,5,6,3,5,4,2,6,3,5,48937
1363,2,2,5,2,3,5,5,2,2,2,3,3,5,5,2,4,4,4,4,2,4,4,0,30979
1597,2,2,3,3,2,2,4,4,4,4,2,3,4,5,3,4,3,2,4,4,6,3,3,51094
311,5,3,1,3,3,1,2,3,3,2,1,5,5,2,2,3,2,1,4,6,4,3,1,2332
1807,4,4,3,2,4,3,4,4,5,2,3,4,5,2,4,5,4,3,5,1,6,3,0,26076
802,2,4,5,2,3,4,4,2,5,3,2,2,5,4,3,6,5,2,4,6,3,3,1,8119
199,5,4,2,3,4,1,4,3,2,3,3,3,3,5,4,2,2,4,4,6,5,3,4,4263
1000,5,3,6,1,3,5,2,2,2,1,4,1,5,3,5,6,2,2,5,2,3,3,12,38984
385,1,2,5,3,4,3,2,2,3,4,3,5,3,5,1,4,1,5,6,4,5,1,23,19272
1057,5,4,4,1,3,3,1,2,3,3,4,3,2,2,2,5,4,2,4,1,5,4,1,12724
108,4,1,3,3,3,3,4,4,2,3,5,5,4,4,2,6,2,4,5,5,6,4,12,1435
1162,3,2,5,6,3,2,3,4,2,5,1,6,3,4,2,2,3,4,5,4,4,2,10,25687
1081,3,4,4,5,4,1,5,3,4,3,1,4,4,5,5,3,2,2,6,3,4,3,8,55581
579,3,1,4,2,2,5,5,3,3,5,2,1,2,3,2,4,4,5,4,5,4,5,0,7690
1041,3,4,5,1,5,2,2,4,4,4,3,6,4,3,4,5,4,3,3,5,4,2,0,6608
1516,1,4,1,5,3,3,1,1,5,3,5,3,2,2,5,4,3,4,4,4,4,2,12,61335
1243,3,5,1,6,4,4,3,1,2,3,5,6,2,4,4,6,2,3,3,6,4,4,14,48797
1838,4,2,1,4,2,3,4,2,2,2,5,2,6,4,1,4,3,4,3,6,5,3,1,19967
1264,4,3,1,2,3,4,2,2,5,2,1,2,5,4,3,4,2,4,4,5,4,3,2,25238
896,2,2,4,5,3,4,4,3,5,5,3,6,2,2,1,4,3,5,6,3,3,4,2,6481
1735,1,4,6,5,3,5,3,3,4,5,1,6,3,2,2,4,3,3,4,5,6,1,14,26319
1329,1,3,5,3,2,4,4,3,2,1,3,3,4,3,3,4,1,1,4,2,4,4,12,81296
1650,5,2,2,3,2,2,4,4,1,3,3,5,6,5,4,4,3,2,6,3,4,4,9,39227
1179,3,2,1,1,2,3,6,2,3,2,2,4,1,2,1,4,1,2,5,5,5,2,9,43258
842,2,4,3,5,3,2,5,4,3,3,3,4,3,5,4,5,5,4,4,5,6,4,4,14514
218,1,1,2,5,5,4,2,4,3,2,3,5,5,3,3,5,2,3,5,2,3,2,13,14876
665,3,2,3,5,3,2,6,1,1,2,4,2,6,5,3,2,2,3,6,2,3,1,22,39876
1752,4,2,3,5,4,4,1,4,3,2,3,5,4,4,4,4,4,4,5,2,6,4,0,78954
10,2,4,3,4,5,5,1,4,2,2,2,4,4,3,3,2,3,4,4,2,3,3,0,181
1156,1,4,5,4,5,3,6,3,2,2,2,4,1,3,5,5,3,4,5,5,5,4,12,45022
1380,2,1,3,5,2,1,3,2,3,2,4,4,4,4,5,5,5,1,3,5,5,5,7,25335
521,2,4,4,6,2,2,6,3,5,2,1,6,1,3,3,5,1,5,6,5,4,2,16,14891
1645,5,1,3,4,4,2,2,2,3,4,4,4,2,3,4,4,3,4,6,1,5,2,4,79259
1408,5,2,4,6,4,3,1,3,4,5,3,5,3,5,4,5,4,3,5,5,5,4,0,32232
575,2,2,5,2,2,3,5,5,3,1,4,3,3,4,3,3,1,2,6,1,4,3,12,20868
1925,3,4,3,5,3,1,6,3,3,3,4,5,5,3,3,4,5,3,5,3,3,4,0,9940
565,3,4,5,3,5,2,3,2,1,4,4,3,4,5,3,2,2,1,3,6,3,4,5,10112
1958,2,2,4,5,3,5,5,5,2,2,4,4,3,4,3,5,3,5,3,2,4,2,3,42997
926,5,5,5,5,4,3,3,1,4,3,3,3,6,3,4,3,4,2,6,3,4,4,0,17567
790,3,3,3,6,3,3,3,5,3,2,4,5,3,4,4,5,2,4,3,1,5,1,11,55614
1350,5,4,4,2,5,3,4,1,3,2,2,3,2,2,3,3,3,4,4,1,6,2,3,30637
1294,5,2,1,4,4,3,3,2,2,2,1,4,6,2,2,4,3,1,3,3,4,4,1,42808
335,2,2,5,5,2,5,4,4,2,2,2,2,3,3,3,5,1,4,4,6,4,3,13,11347
26,3,2,5,1,3,4,3,2,3,3,3,6,1,3,3,4,3,2,4,3,5,3,0,427
1188,1,3,2,2,2,4,2,3,4,4,5,6,3,2,3,6,3,2,4,6,6,5,9,14410
1793,5,2,3,6,3,3,2,4,2,4,4,2,2,4,5,4,1,3,4,3,6,4,22,96415
526,3,4,5,6,4,2,6,1,1,2,4,4,6,5,1,4,4,3,5,4,3,4,12,5779
1427,5,1,5,4,4,3,4,5,2,3,2,5,4,2,1,6,4,2,4,2,6,4,7,21730
1106,1,4,4,6,3,5,2,3,1,4,2,6,2,5,2,3,1,4,5,4,6,5,42,45375
755,5,2,1,1,5,4,2,2,3,1,3,4,2,4,4,5,4,1,4,1,5,2,4,55487
447,2,4,4,3,2,4,2,3,2,4,4,5,5,3,1,3,4,5,6,2,5,2,6,4802
305,5,2,2,5,2,2,2,3,4,3,3,6,3,3,2,3,2,4,5,6,4,2,2,3078
965,5,3,5,5,2,5,2,4,3,4,1,5,4,5,3,3,4,3,3,6,5,2,2,20155
1722,1,5,5,4,3,3,4,4,1,5,2,1,1,4,2,2,2,5,5,3,4,5,14,28963
681,2,2,3,3,2,2,2,3,3,5,4,5,4,3,4,5,2,3,6,6,5,4,8,12615
501,3,1,2,2,4,2,2,4,3,2,1,1,3,4,1,3,1,5,5,5,6,1,24,9268
1313,4,5,3,4,4,2,4,2,5,3,4,4,5,2,3,3,2,5,5,4,3,2,0,7465
1494,1,4,5,2,2,3,3,3,3,3,5,1,4,5,1,2,4,5,5,3,4,5,4,8629
1186,2,2,5,2,5,5,6,3,3,4,4,2,5,2,2,3,5,1,5,3,3,2,0,15332
1317,2,3,6,5,4,2,6,2,3,2,4,5,2,4,2,5,2,2,3,3,6,1,13,62150
1023,2,3,5,1,2,4,5,1,4,3,4,2,2,3,2,2,2,2,5,1,3,1,7,23548
52,3,4,5,6,3,5,5,5,2,2,2,1,2,3,4,6,4,2,5,3,3,5,6,1242
766,2,3,3,3,2,3,6,4,1,2,5,4,2,4,4,3,4,2,4,6,6,3,10,13262
1138,2,4,2,4,3,3,2,2,2,3,4,2,2,2,3,5,4,2,6,2,5,4,7,91819
1255,2,3,2,3,4,4,3,2,5,2,1,3,3,4,5,5,3,2,6,4,5,4,8,170025
1754,2,3,4,3,4,2,1,5,5,5,3,5,2,3,4,3,3,3,4,5,4,2,0,21726
364,2,2,4,2,5,4,2,1,4,2,5,6,2,5,2,5,4,1,3,5,6,2,5,12465
892,2,2,5,4,4,3,3,1,3,5,4,3,4,5,4,5,1,5,3,5,5,3,17,33944
624,5,2,3,5,4,4,2,3,2,3,2,5,6,3,4,5,5,5,5,2,4,1,7,14052
1322,3,2,5,1,4,5,3,1,1,2,1,2,2,4,3,3,3,1,3,6,5,2,10,103408
398,2,4,2,2,3,4,6,4,2,3,2,5,1,3,2,5,1,3,6,2,6,3,18,11323
257,1,1,2,3,4,1,5,4,2,3,2,4,5,5,3,4,1,2,4,5,3,5,16,6372
1419,2,3,3,4,4,1,1,4,3,3,1,4,5,2,3,3,3,3,4,4,4,2,0,19438
1363,2,3,2,4,4,5,2,1,4,5,3,4,2,4,2,5,3,3,3,5,3,5,1,27721
1930,3,1,6,1,5,3,2,1,4,4,5,5,5,4,4,5,3,4,5,6,4,2,4,35374
730,3,4,4,5,5,2,3,4,3,3,3,4,5,3,1,5,1,2,4,3,4,1,9,17780
1876,3,5,3,4,5,1,2,1,4,2,4,2,5,4,5,6,1,2,5,2,3,4,14,112786
1807,3,3,4,1,3,4,1,5,2,2,2,1,6,4,2,4,3,2,4,4,3,1,2,74406
1468,4,2,4,5,3,4,6,2,2,4,2,1,2,3,3,5,4,4,6,6,3,1,11,64914
239,5,4,6,4,4,3,4,4,3,3,3,4,2,4,5,5,4,1,5,5,3,2,0,4912
1608,1,1,6,4,5,3,3,2,1,3,2,4,5,3,1,5,3,1,5,2,5,4,19,102102
585,3,5,4,4,4,3,4,2,5,2,1,1,6,3,1,5,3,4,5,4,4,4,1,6923
26,3,5,4,1,5,1,4,5,2,4,1,2,6,2,5,6,4,3,5,4,4,2,5,165
1848,2,3,2,1,2,2,1,5,4,5,1,6,5,5,2,6,2,2,5,3,5,2,9,42728
1863,2,4,3,4,2,5,4,5,4,3,4,5,5,3,4,4,3,4,6,2,3,5,2,13119
897,5,2,4,2,4,3,4,4,2,2,2,2,4,2,4,2,2,3,5,3,5,4,7,11177
1138,2,5,6,5,2,2,2,2,4,5,1,4,5,4,3,3,5,5,5,3,3,5,2,6470
453,1,1,1,3,3,3,3,3,3,4,3,2,3,4,2,4,2,3,3,4,5,1,12,19002
873,2,1,5,5,5,4,6,2,2,3,4,3,3,4,2,6,3,3,3,4,4,3,9,49877
705,4,2,4,5,4,2,1,3,4,2,1,3,2,3,5,4,1,2,5,2,4,1,15,66668
1780,3,4,4,5,4,2,3,3,4,5,2,2,2,5,3,5,3,2,4,3,3,4,0,59186
743,4,2,1,4,2,5,5,1,2,2,3,2,2,4,1,6,1,1,5,3,4,3,18,90166
1974,2,4,5,1,2,1,4,4,3,5,2,4,3,3,2,4,1,3,5,5,6,2,13,21090
1221,2,3,2,4,4,2,6,4,2,3,1,4,5,2,4,6,4,4,5,4,4,2,4,23464
1013,2,4,4,3,3,2,2,2,4,5,2,4,6,2,2,5,2,2,4,4,4,1,4,17726
1267,4,3,1,2,4,4,4,5,4,1,1,5,1,5,2,6,4,2,4,2,4,2,2,79272
145,4,4,2,6,4,2,1,2,1,2,2,1,4,4,4,2,3,5,5,4,4,3,14,4731
1872,2,4,3,4,5,5,5,2,2,5,3,5,1,3,4,5,2,5,6,4,3,2,10,52781
995,3,2,4,1,4,4,3,2,4,2,4,1,5,5,3,2,2,4,4,5,4,4,3,20689
1003,4,4,4,3,3,3,6,2,2,4,4,2,4,2,3,5,5,3,4,5,3,3,1,4448
580,3,4,5,5,4,2,2,5,4,2,4,4,5,3,2,3,5,2,4,1,3,2,1,5639
1272,5,3,2,2,4,4,4,2,3,4,2,1,5,3,3,4,4,1,5,3,5,2,1,34571
592,4,2,2,5,4,4,3,1,5,2,4,6,1,3,2,4,2,4,3,2,4,3,3,12777
1582,4,5,5,2,4,3,5,2,4,3,4,3,5,3,3,6,5,4,3,5,4,2,1,11766
1263,4,1,3,4,4,2,5,4,3,3,2,1,3,4,4,4,3,4,4,4,5,3,3,30241
1931,5,3,6,3,4,2,2,5,3,3,3,6,4,4,2,3,3,5,4,4,5,4,0,6888
366,3,4,5,2,5,2,2,5,2,2,4,5,3,5,4,3,5,5,6,3,6,2,8,9005
771,3,2,2,5,4,4,3,5,5,3,4,2,5,2,2,5,3,4,4,1,4,3,1,13132
251,5,4,6,5,2,4,1,4,4,3,1,5,2,5,3,5,4,1,5,3,5,3,1,7775
1612,4,4,3,3,4,2,5,3,4,5,2,4,1,3,5,5,3,4,4,4,3,3,0,22555
1553,1,3,6,6,4,4,5,4,4,5,4,2,3,3,3,4,5,1,3,1,4,3,9,28422
116,4,3,4,3,3,1,4,2,3,4,3,4,6,2,2,4,2,3,5,3,6,5,2,653
1023,1,2,6,1,5,4,1,2,5,2,4,3,1,3,4,5,4,3,4,1,6,2,11,40934
937,4,1,4,4,4,4,2,2,3,5,3,5,5,3,1,4,4,3,5,2,6,3,2,29703
1955,2,4,2,5,3,5,5,5,3,3,1,1,4,3,4,3,5,4,4,2,4,4,4,43822
1404,5,3,5,3,2,4,1,4,1,5,1,1,5,3,4,4,4,1,5,1,3,4,7,26277
1269,4,4,6,3,4,2,6,3,4,3,2,6,4,4,5,4,4,2,6,2,4,5,0,16081
361,3,5,3,4,5,4,2,1,4,4,4,3,2,4,3,3,1,5,5,6,4,2,6,6636
1291,3,2,2,4,4,4,4,2,4,2,1,3,4,3,5,3,4,3,5,3,5,2,1,127788
169,2,2,4,6,3,5,2,4,4,2,2,6,5,5,4,3,3,3,3,4,3,2,6,6360
478,3,3,3,2,3,4,5,4,5,2,3,2,4,4,5,5,2,3,6,6,4,2,4,10382
1312,3,3,4,5,2,3,5,4,1,5,5,6,2,3,2,2,3,4,5,1,5,3,10,16347
748,3,3,1,3,5,2,3,4,3,2,1,3,2,4,3,5,4,4,4,5,5,1,1,34803
1913,5,4,3,3,4,4,5,2,5,2,2,3,5,3,5,3,2,2,6,2,4,2,2,75240
249,2,4,3,5,4,1,2,2,3,1,4,4,2,2,3,5,2,3,6,5,5,3,8,10648
1304,5,4,2,1,5,3,5,5,4,4,2,3,2,3,1,4,1,3,4,2,4,3,3,7484
295,1,3,6,2,3,3,2,1,4,2,4,5,4,4,3,4,4,3,4,5,6,2,8,5556
1160,5,2,3,1,3,2,6,5,3,2,5,5,4,4,2,3,3,2,5,5,4,4,0,4107
1822,4,1,2,2,2,2,3,2,1,2,1,3,6,3,5,5,2,4,4,4,4,4,17,59819
815,4,3,2,2,5,2,6,1,4,3,4,2,1,3,1,4,3,1,6,3,6,3,1,31183
182,2,1,5,6,3,1,5,5,3,3,4,6,4,5,2,2,4,3,5,2,3,5,5,824
1728,5,2,2,6,5,2,2,3,1,3,3,2,1,3,2,6,2,2,5,6,6,1,28,234541
1486,2,2,3,3,2,3,5,5,4,3,5,6,2,5,5,4,4,5,3,3,4,4,1,13162
277,2,2,5,3,3,2,3,3,3,2,4,2,1,3,5,4,2,4,6,2,6,3,14,17734
1154,3,1,5,3,2,4,3,2,3,2,3,1,3,4,4,5,4,1,5,4,5,2,5,91309
530,1,5,4,6,3,1,3,2,5,1,3,2,2,3,2,5,2,2,6,2,4,1,21,25245
1617,5,5,4,5,3,4,5,4,4,3,4,3,3,3,3,3,1,2,3,2,6,5,6,17241
1714,5,2,2,6,4,3,3,3,4,2,4,6,3,5,1,2,5,4,5,5,6,1,5,26268
613,2,3,6,4,4,3,3,4,1,3,4,5,1,2,4,6,2,3,4,5,5,5,13,15508
998,2,4,3,4,3,2,3,3,5,3,2,3,3,4,1,6,1,5,6,2,3,2,10,33496
690,4,1,2,6,5,5,2,3,4,4,3,4,6,2,5,5,2,2,5,1,5,2,12,86820
1037,4,2,3,3,3,3,6,4,5,4,1,5,2,4,4,4,2,4,5,2,4,1,4,24987
916,1,2,3,3,2,3,2,2,3,2,1,3,3,4,2,5,4,1,3,2,4,5,4,45242
1026,3,3,2,3,5,3,2,2,2,4,3,4,6,3,3,4,2,3,5,5,4,1,4,40298
200,1,3,5,6,5,3,5,5,1,4,4,3,4,3,3,6,3,5,4,3,6,2,27,7078
969,4,4,5,4,3,4,4,3,3,4,1,3,4,4,3,2,4,3,6,3,3,2,1,20387
536,4,3,6,5,3,4,5,4,2,4,2,1,4,4,4,4,3,2,5,5,4,2,6,27909
339,5,4,4,2,4,3,3,4,4,2,2,2,1,3,2,2,2,2,4,4,5,2,1,4415
66,2,2,5,5,4,2,2,5,3,3,2,2,6,3,4,3,3,3,5,2,3,4,3,726
1932,2,5,4,4,5,3,2,4,2,1,4,2,5,4,3,4,2,4,5,5,5,3,6,108231
1275,3,4,6,5,4,3,5,4,3,2,3,6,6,4,2,5,4,2,6,5,4,4,2,14652
1454,2,2,3,3,3,4,3,4,3,2,3,5,5,2,4,4,3,4,6,3,5,3,4,53193
428,1,2,3,3,3,1,4,2,4,4,5,4,1,2,4,3,5,2,4,2,3,4,2,2782
693,4,1,4,3,3,4,3,1,4,2,3,3,3,3,1,4,3,1,4,2,5,2,4,28406
1025,4,2,1,2,2,4,5,5,4,5,2,4,5,4,2,3,4,4,4,2,5,4,0,5682
214,2,1,5,4,3,4,2,4,2,3,4,6,3,3,2,4,1,4,3,3,4,1,16,5884
1462,1,3,6,3,5,4,2,2,5,2,4,1,5,3,3,3,1,2,4,4,3,3,12,54020
478,3,3,5,5,3,4,6,2,3,2,2,2,5,4,4,5,4,5,3,2,4,3,1,14998
621,5,4,5,2,4,5,2,1,1,2,4,4,3,4,4,2,4,4,5,3,6,1,15,22111
639,4,2,2,3,4,4,2,2,1,5,2,4,2,5,4,4,3,2,6,1,3,3,12,73839
1345,4,1,4,4,4,1,5,3,1,5,5,6,6,5,2,5,2,3,6,5,4,2,17,15373
458,3,3,3,6,2,4,4,2,4,5,3,3,4,4,2,4,2,1,3,4,6,4,5,7179
1292,3,3,3,4,3,3,5,4,4,2,2,3,4,3,2,4,2,3,3,1,4,2,1,39349
1153,2,3,3,3,4,3,4,2,3,2,3,4,4,3,3,3,2,2,4,4,4,3,0,46046
203,4,2,3,3,2,4,6,3,4,2,5,6,4,3,2,2,4,2,5,5,3,2,0,1260
394,2,2,5,3,5,1,4,1,3,5,3,5,2,3,3,2,1,3,5,1,4,2,13,6926
1543,5,2,1,4,4,1,4,4,3,2,4,2,1,4,3,2,5,2,4,2,4,1,1,28973
1287,5,3,6,5,3,3,6,4,5,4,2,4,2,3,3,4,1,2,3,4,5,2,8,20378
1133,5,4,4,3,3,3,5,2,1,2,2,2,5,3,4,4,2,2,6,6,5,3,13,40544
1923,1,3,2,5,4,2,5,1,4,1,3,2,4,3,1,3,4,2,5,5,5,3,6,53739
12,4,2,6,4,4,4,2,3,2,2,2,2,4,4,2,5,4,3,4,4,4,4,0,235
517,2,4,4,1,2,2,1,3,1,5,4,4,2,3,2,5,3,2,4,2,5,3,6,10001
1094,4,5,4,4,2,4,4,4,3,2,3,4,6,5,2,5,4,4,5,5,6,5,0,9630
298,4,1,5,2,4,3,4,1,2,3,2,5,3,4,2,4,1,4,6,3,4,2,18,9304
1236,5,4,6,2,4,3,3,2,3,4,2,2,4,5,4,3,3,3,6,1,3,4,2,26094
854,5,2,1,5,4,2,2,2,4,5,4,1,4,3,4,3,2,4,6,3,3,1,9,18156
412,4,5,2,5,4,3,5,5,3,5,1,3,2,4,1,6,3,4,5,2,5,5,1,4168
1734,3,3,1,4,5,5,4,1,5,5,3,5,1,2,3,4,4,5,3,4,5,5,0,30121
177,2,3,6,2,2,1,1,3,1,4,4,3,6,2,4,2,2,2,5,1,5,4,14,1772
1163,3,2,1,5,3,4,2,4,3,3,4,3,2,5,2,4,1,3,4,6,5,1,13,99995
1032,3,4,3,5,2,3,5,1,4,3,4,6,6,4,3,2,2,2,3,4,5,3,2,12570
950,2,3,3,1,3,4,1,5,4,3,5,2,5,3,2,3,1,4,5,2,5,4,8,15165
637,3,1,3,2,3,5,6,2,2,3,3,5,5,5,3,2,2,5,5,3,4,3,6,10101
192,2,3,2,4,4,3,1,4,2,2,3,6,3,2,2,2,2,1,5,2,6,3,12,7002
1055,2,4,1,1,2,4,3,3,5,3,1,6,3,3,2,2,2,3,3,5,5,4,4,8153
1887,4,3,4,5,2,4,1,3,3,2,3,2,4,2,1,6,4,2,4,3,5,2,2,73512
174,5,4,2,5,4,4,3,4,2,2,4,1,6,4,2,3,5,2,5,4,4,3,1,2796
1160,2,4,4,4,2,2,4,5,5,4,3,6,5,2,4,6,3,3,6,2,6,4,5,9355
1518,4,4,2,3,3,3,4,4,3,2,5,3,1,3,3,2,4,2,5,2,4,3,0,21522
201,1,3,6,5,2,1,5,1,1,3,3,6,3,2,2,5,3,2,5,5,5,2,25,5498
1519,4,4,1,2,4,1,2,2,3,5,2,2,4,3,3,3,1,2,5,6,5,4,6,27402
149,5,4,4,1,3,2,5,5,5,3,4,2,5,4,3,3,4,4,3,6,5,5,0,187
378,4,2,2,4,2,1,1,1,2,4,3,5,2,4,2,2,3,4,5,5,5,1,7,8086
1037,3,5,3,3,2,3,3,5,4,1,1,2,5,3,5,3,1,3,4,2,5,1,16,28540
1395,3,3,2,2,3,1,5,2,5,3,4,2,6,3,3,4,2,3,5,4,4,2,0,10924
1577,2,3,2,5,4,3,2,1,2,3,1,1,3,3,3,5,2,5,4,3,5,2,18,180436
1838,4,3,3,1,2,2,4,4,4,1,2,1,3,3,2,5,1,4,5,2,5,3,7,43279
712,3,1,2,2,4,2,4,4,4,2,5,3,5,5,4,2,4,4,4,6,5,2,0,6338
612,4,1,4,3,3,1,5,2,2,5,4,2,1,5,2,3,1,4,6,3,5,2,15,15813
926,4,4,2,3,3,3,5,5,1,4,5,5,2,3,2,3,3,3,5,2,5,2,7,11505
1796,4,4,3,2,3,5,3,4,5,3,2,4,3,5,3,3,1,4,4,2,4,3,6,19337
1782,2,3,6,5,2,2,3,2,4,2,1,2,5,3,3,4,3,5,4,6,3,4,1,16502
1210,4,2,2,3,5,4,2,1,5,3,2,3,5,5,4,4,2,2,5,4,3,3,5,65967
1246,4,5,4,5,3,3,2,2,2,3,3,3,3,2,2,5,5,4,3,4,5,1,7,13523
1806,4,3,6,4,2,3,4,1,4,1,3,3,5,4,2,3,1,5,5,5,5,1,11,40911
1279,3,3,5,1,2,3,5,1,1,5,3,6,4,3,5,3,1,5,4,2,3,4,24,9177
444,4,3,1,3,3,2,3,2,3,2,4,5,2,4,2,5,4,3,5,3,4,2,0,11131
77,3,1,3,3,2,4,5,3,4,4,3,5,4,5,4,4,1,5,5,4,4,5,10,653
891,3,4,5,5,4,3,1,5,2,2,3,5,2,3,2,3,3,2,4,5,4,2,2,16448
697,4,4,6,5,4,3,2,2,1,3,2,5,5,4,1,4,4,2,3,1,5,2,10,18151
350,1,2,1,4,4,5,6,2,3,4,3,4,5,5,3,4,3,4,3,5,5,2,5,14929
601,5,3,1,1,2,2,4,3,3,3,1,3,2,4,4,3,4,2,6,2,4,1,1,14201
1956,3,2,4,6,3,5,3,2,1,4,1,4,5,2,5,4,5,5,3,3,4,4,12,42171
1365,3,4,4,3,3,3,4,3,3,3,1,6,4,4,3,5,1,1,5,3,5,5,10,58904
1131,4,4,5,2,4,2,1,5,4,2,5,5,3,5,4,3,5,4,6,3,4,1,0,13414
517,2,2,6,1,3,4,4,3,1,4,3,3,5,2,2,4,3,4,4,3,4,4,3,3739
1577,1,5,4,3,5,3,3,3,2,3,5,4,2,3,4,2,4,2,4,3,4,2,5,40974
502,2,1,3,2,3,1,5,2,2,3,2,1,5,3,3,5,3,5,5,4,5,3,10,18438
1930,3,2,3,2,2,4,2,3,3,5,4,2,1,3,2,6,3,4,4,5,4,2,2,30169
1317,2,3,2,4,5,1,3,2,4,4,4,2,2,5,1,3,2,2,5,5,6,5,6,42942
1117,3,5,4,5,3,5,5,1,5,4,5,3,3,4,3,6,3,3,3,3,4,3,3,16885
47,2,2,4,3,4,3,3,4,3,3,1,3,2,5,3,4,2,2,5,3,4,5,7,1595
1366,4,3,6,3,3,1,5,4,2,1,5,5,2,3,5,5,5,5,6,3,6,5,6,8843
589,3,4,5,4,4,3,3,3,3,3,4,2,3,4,4,5,4,4,5,4,4,3,0,13391
564,1,4,5,3,2,5,4,4,3,2,4,4,5,3,5,5,5,1,4,1,5,4,9,11675
1137,4,3,2,5,2,2,3,3,5,4,1,5,5,3,1,4,2,3,4,3,5,3,3,11597
1085,3,4,5,3,3,4,4,5,3,3,4,3,4,4,2,6,4,4,4,5,4,2,0,12495
1706,4,4,3,3,2,4,4,2,3,4,3,2,3,2,5,5,2,3,5,3,5,3,5,38426
823,2,2,5,5,5,1,1,3,3,2,1,3,2,4,2,3,1,4,5,4,4,1,19,55122
1633,1,2,5,4,4,1,1,4,2,2,5,3,5,4,4,3,5,3,5,4,5,4,9,24076
1085,4,3,4,6,5,4,5,5,4,3,1,3,4,4,1,3,4,1,6,3,3,3,1,19055
1269,3,4,2,6,3,4,5,1,4,4,3,5,4,4,4,3,1,2,6,4,6,3,16,47811
1130,3,4,3,2,3,1,3,1,2,5,4,3,2,2,1,2,4,4,3,4,4,2,1,3697
213,3,4,4,6,5,5,2,3,5,2,3,1,3,4,4,3,3,5,5,2,4,3,4,7921
867,5,5,5,4,5,4,2,3,2,4,5,5,2,2,4,5,3,4,4,5,3,3,1,11148
892,4,2,6,4,4,4,2,1,3,2,5,3,6,4,5,4,3,4,6,5,5,2,4,25038
281,4,4,5,3,2,5,4,5,5,2,5,5,4,3,4,3,3,1,3,3,5,1,0,2106
670,5,4,6,5,2,3,5,2,1,4,4,2,2,4,4,5,3,1,3,3,5,2,12,17890
1984,3,2,4,3,3,4,5,3,3,2,1,2,5,5,2,3,3,1,6,1,4,5,7,81082
1096,3,2,4,5,2,2,3,5,2,5,2,1,3,2,2,5,2,4,4,4,6,4,11,16595
21,4,2,1,5,5,4,3,2,2,3,4,2,4,4,1,2,4,5,5,2,5,5,3,206
1171,2,5,6,6,3,1,1,1,3,4,5,4,1,5,1,3,5,2,5,5,4,2,6,20923
1148,4,1,5,5,5,1,5,4,4,2,4,2,6,2,1,4,3,4,4,5,6,3,2,12104
1755,4,4,2,2,2,2,3,3,2,5,4,3,6,4,2,4,3,2,5,2,6,4,3,18116
1294,5,5,3,3,3,3,2,1,3,2,4,6,2,3,3,6,1,3,5,5,5,1,12,42922
1249,3,3,6,3,3,3,5,4,3,2,4,2,5,3,3,5,3,3,3,1,5,5,0,20508
630,4,1,4,5,4,5,3,2,3,4,3,3,3,4,2,3,4,3,5,3,3,5,0,13911
351,4,4,4,1,3,5,6,2,5,1,3,6,6,3,4,4,2,3,4,4,5,4,0,2961
609,3,4,1,6,3,3,5,5,2,4,3,4,5,3,1,6,1,5,6,5,5,5,15,7955
201,4,4,6,2,4,2,1,4,3,4,2,4,6,4,2,3,5,4,4,2,6,1,2,986
1723,1,4,4,3,4,4,4,1,2,2,3,4,3,4,4,4,3,1,6,6,5,4,14,122761
64,5,3,5,2,3,3,5,4,1,1,3,2,2,2,3,5,2,1,6,3,6,2,13,2378
